Rank,Name,Team,Position,Played,PassingYards,PassingTouchdowns,PassingInterceptions,RushingYards,RushingTouchdowns,Receptions,ReceivingYards,ReceivingTouchdowns,Sacks,Interceptions,FumblesForced,FumblesRecovered,FantasyPointsPerGame,FantasyPoints
1,Daunte Culpepper,MIN,QB,16,4717,39,11,406,2,0,0,0,0,0,0,0,23.3,373.28
2,Peyton Manning,IND,QB,16,4557,49,10,38,0,0,0,0,0,0,0,0,22.5,360.08
3,Shaun Alexander,SEA,RB,16,0,0,0,1696,16,23,170,4,0,0,0,0,18.8,300.6
4,Tiki Barber,NYG,RB,16,0,0,0,1518,13,52,578,2,0,0,0,0,18.5,295.6
5,Donovan McNabb,PHI,QB,15,3875,31,8,220,3,0,0,0,0,0,0,0,19.4,291
6,LaDainian Tomlinson,LAC,RB,15,38,0,0,1335,17,53,441,1,0,0,0,0,18.9,283.12
7,Curtis Martin,NYJ,RB,16,0,0,0,1697,12,41,245,2,0,0,0,0,17.4,278.2
8,Trent Green,KC,QB,16,4591,27,17,85,0,0,0,0,0,0,0,0,16.3,260.14
9,Jake Plummer,DEN,QB,16,4089,27,20,202,1,0,0,0,0,0,0,0,16,255.76
10,Brett Favre,GB,QB,16,4088,30,17,36,0,0,0,0,0,0,0,0,15.9,255.12
11,Edgerrin James,IND,RB,16,0,0,0,1548,9,51,483,0,0,0,0,0,15.9,255.1
12,Domanick Davis,HOU,RB,15,0,0,0,1188,13,68,588,1,0,0,0,0,16.9,253.6
13,Jake Delhomme,CAR,QB,16,3886,29,15,71,1,0,0,0,0,0,0,0,15.5,248.54
14,Corey Dillon,NE,RB,15,0,0,0,1635,12,15,103,1,0,0,0,0,16.4,245.8
15,Aaron Brooks,NO,QB,16,3810,21,16,173,4,1,1,0,0,0,0,0,15.2,243.8
16,Drew Brees,LAC,QB,15,3159,27,7,85,2,1,38,0,0,0,0,0,16,240.66
17,Muhsin Muhammad,CAR,WR,16,0,0,0,15,0,93,1405,16,0,0,0,0,14.8,236
18,Marc Bulger,LAR,QB,14,3964,21,14,89,3,0,0,0,0,0,0,0,16.8,235.46
19,Tom Brady,NE,QB,16,3692,28,14,28,0,0,0,0,0,0,0,0,14,224.48
20,Michael Vick,ATL,QB,15,2313,14,12,902,3,0,0,0,0,0,0,0,14.6,218.72
21,Rudi Johnson,CIN,RB,16,0,0,0,1454,12,15,84,0,0,0,0,0,13.6,217.8
22,Buffalo Bills,BUF,DST,16,0,0,0,0,0,0,0,0,45,24,21,15,13.3,213
23,Matt Hasselbeck,SEA,QB,14,3382,22,15,90,1,0,0,0,0,0,0,0,15,210.28
24,Joe Horn,NO,WR,16,0,0,0,0,0,94,1399,11,0,0,0,0,13,207.9
25,Javon Walker,GB,WR,16,0,0,0,0,0,89,1382,12,0,0,0,0,12.9,206.2
26,Willis McGahee,BUF,RB,16,0,0,0,1128,13,22,169,0,0,0,0,0,12.7,203.7
27,Brian Westbrook,PHI,RB,13,0,0,0,812,3,73,703,6,0,0,0,0,15.7,203.5
28,David Carr,HOU,QB,16,3531,16,14,299,0,0,0,0,0,0,0,0,12.7,203.14
29,Terrell Owens,PHI,WR,14,0,0,0,-5,0,77,1200,14,0,0,0,0,14.4,201.5
30,Marvin Harrison,IND,WR,16,0,0,0,0,0,86,1113,15,0,0,0,0,12.5,199.3
31,D Bennett,TEN,WR,16,26,1,0,12,0,80,1247,11,0,0,0,0,12.3,196.94
32,Torry Holt,LAR,WR,16,0,0,0,0,0,94,1372,10,0,0,0,0,12.2,195.2
33,Priest Holmes,KC,RB,8,0,0,0,892,14,19,187,1,0,0,0,0,24.2,193.9
34,Clinton Portis,WAS,RB,15,15,1,0,1315,5,40,235,2,0,0,0,0,12.9,193.6
35,Reggie Wayne,IND,WR,16,0,0,0,-4,0,77,1210,12,0,0,0,0,12,192.6
36,Baltimore Ravens,BAL,DST,16,0,0,0,0,0,0,0,0,39,21,17,13,12,192
37,Reuben Droughns,DEN,RB,16,0,0,0,1240,6,32,241,2,0,0,0,0,11.9,190.1
38,Warrick Dunn,ATL,RB,16,0,0,0,1106,9,29,294,0,0,0,0,0,11.9,190
39,Byron Leftwich,JAX,QB,14,2941,15,10,148,2,1,-7,0,0,0,0,0,13.6,189.74
40,Ahman Green,GB,RB,15,20,1,0,1163,7,40,275,1,0,0,0,0,12.6,188.6
41,Joey Harrington,DET,QB,16,3047,19,12,175,0,0,0,0,0,0,0,0,11.7,187.38
42,Chad Johnson,CIN,WR,16,0,0,0,39,0,95,1274,9,0,0,0,0,11.6,185.3
43,New England Patriots,NE,DST,16,0,0,0,0,0,0,0,0,45,20,23,16,11.4,183
44,Kerry Collins,LV,QB,14,3495,21,20,36,0,0,0,0,0,0,0,0,13,181.4
45,Jerome Bettis,PIT,RB,15,10,1,0,941,13,6,46,0,0,0,0,0,12.1,181.1
46,Michael Pittman,TB,RB,13,0,0,0,926,7,41,391,3,0,0,0,0,13.8,179.7
47,Thomas Jones,CHI,RB,14,0,0,0,948,7,56,427,0,0,0,0,0,12.7,177.5
48,Deuce McAllister,NO,RB,14,0,0,0,1074,9,34,228,0,0,0,0,0,12.6,176.2
49,Pittsburgh Steelers,PIT,DST,16,0,0,0,0,0,0,0,0,41,19,20,13,11,176
50,Donnie Edwards,LAC,LB,16,0,0,0,0,0,0,0,0,1,5,3,0,11,175.2
51,Antonio Gates,LAC,TE,15,0,0,0,0,0,81,964,13,0,0,0,0,11.6,174.4
52,Donald Driver,GB,WR,16,0,0,0,4,0,84,1208,9,0,0,0,0,10.8,173.2
53,Vinny Testaverde,DAL,QB,16,3532,17,20,38,1,0,0,0,0,0,0,0,10.8,173.08
54,Keith Bulluck,TEN,LB,16,0,0,0,0,0,0,0,0,5,2,1,1,10.7,170.9
54,Fred Taylor,JAX,RB,14,0,0,0,1224,2,36,345,1,0,0,0,0,12.2,170.9
56,Tony Gonzalez,KC,TE,16,0,0,0,5,0,102,1258,7,0,0,0,0,10.5,168.3
57,Chad Pennington,NYJ,QB,13,2673,16,9,126,1,0,0,0,0,0,0,0,12.9,167.52
58,Ben Roethlisberger,PIT,QB,14,2621,17,11,144,1,0,0,0,0,0,0,0,11.9,167.24
59,Atlanta Falcons,ATL,DST,16,0,0,0,0,0,0,0,0,48,19,19,13,10.4,166
60,Brandon Stokley,IND,WR,16,0,0,0,0,0,68,1077,10,0,0,0,0,10.4,165.7
61,Kevin Jones,DET,RB,15,0,0,0,1133,5,28,180,1,0,0,0,0,11,165.3
62,Michael Clayton,TB,WR,16,0,0,0,30,0,80,1193,7,0,0,0,0,10.3,164.3
63,D Jackson,SEA,WR,16,0,0,0,0,0,87,1199,7,0,0,0,0,10.1,161.9
64,Nick Goings,CAR,RB,16,0,0,0,821,6,45,394,1,0,0,0,0,10.1,161.5
64,Nate Burleson,MIN,WR,16,0,0,0,49,0,68,1006,9,0,0,0,0,10.1,161.5
66,Emmitt Smith,ARI,RB,15,21,1,0,937,9,15,105,0,0,0,0,0,10.7,161.04
67,Cincinnati Bengals,CIN,DST,16,0,0,0,0,0,0,0,0,37,20,24,16,10,160
68,Rod Smith,DEN,WR,16,0,0,0,33,0,79,1144,7,0,0,0,0,10,159.7
69,Drew Bledsoe,BUF,QB,16,2932,20,16,37,0,0,0,0,0,0,0,0,9.9,158.98
70,Carson Palmer,CIN,QB,13,2897,18,18,47,1,0,0,0,0,0,0,0,12.2,158.58
71,Derrick Mason,TEN,WR,16,0,0,0,-3,0,96,1168,7,0,0,0,0,9.9,158.5
72,Billy Volek,TEN,QB,10,2486,18,10,50,1,1,0,0,0,0,0,0,15.8,158.44
73,Eddie Kennison,KC,WR,14,0,0,0,15,0,62,1086,8,0,0,0,0,11.3,158.1
74,Isaac Bruce,LAR,WR,16,0,0,0,0,0,89,1292,6,0,0,0,1,9.8,157.2
75,Chicago Bears,CHI,DST,16,0,0,0,0,0,0,0,0,35,17,20,12,9.8,157
76,Brian Griese,TB,QB,11,2632,20,12,17,0,1,-4,0,0,0,0,0,14.2,156.58
77,Indianapolis Colts,IND,DST,16,0,0,0,0,0,0,0,0,45,19,27,17,9.8,156
78,New York Jets,NYJ,DST,16,0,0,0,0,0,0,0,0,37,19,18,14,9.7,155
79,Jamal Lewis,BAL,RB,12,0,0,0,1006,7,10,116,0,0,0,0,0,12.8,154.2
80,Tampa Bay Buccaneers,TB,DST,16,0,0,0,0,0,0,0,0,45,16,16,11,9.6,154
81,Randy Moss,MIN,WR,13,37,0,1,0,0,49,767,13,0,0,0,0,11.7,152.18
82,Philadelphia Eagles,PHI,DST,16,0,0,0,0,0,0,0,0,47,17,19,11,9.5,152
83,Larry Johnson,KC,RB,10,0,0,0,581,9,22,278,2,0,0,0,0,15.2,151.9
84,Jamie Sharper,HOU,LB,16,0,0,0,0,0,0,0,0,2,0,3,1,9.5,151.4
85,Jimmy Smith,JAX,WR,16,0,0,0,0,0,74,1172,6,0,0,0,0,9.4,151.2
86,A Lelie,DEN,WR,16,0,0,0,5,0,54,1084,7,0,0,0,0,9.4,150.9
87,Chris Brown,TEN,RB,11,0,0,0,1067,6,20,147,0,0,0,0,0,13.6,149.4
87,Andre Johnson,HOU,WR,16,0,0,0,12,0,79,1142,6,0,0,0,0,9.3,149.4
87,Joe Porter,LV,CB,16,0,0,0,-4,0,64,998,9,0,0,0,0,9.3,149.4
90,Ed Reed,BAL,FS,16,0,0,0,0,0,0,0,0,2,9,3,2,9.3,148.8
91,Derrick Brooks,TB,LB,16,0,0,0,0,0,0,0,0,3,1,2,0,9.1,145.3
92,Kyle Boller,BAL,QB,16,2559,13,11,189,1,0,0,0,0,0,0,0,9.1,145.26
93,Adam Vinatieri,NE,K,16,4,1,0,0,0,0,0,0,0,0,0,0,9.1,145.16
94,Takeo Spikes,BUF,LB,16,0,0,0,0,0,0,0,0,3,5,3,1,9.1,145.1
95,Lee Evans,BUF,WR,16,0,0,0,85,0,48,843,9,0,0,0,0,9,144.8
96,Carolina Panthers,CAR,DST,16,0,0,0,0,0,0,0,0,34,26,19,12,8.9,143
97,Ray Lewis,BAL,LB,15,0,0,0,0,0,0,0,0,1,0,1,2,9.5,141.9
98,Kevan Barlow,SF,RB,15,0,0,0,822,7,35,212,0,0,0,0,0,9.4,141.4
99,London Fletcher,BUF,ILB,16,0,0,0,0,0,0,0,0,3.5,0,2,1,8.8,141.2
100,Chris Chambers,MIA,WR,15,0,0,0,76,0,69,898,7,0,0,0,0,9.3,139.4
101,Josh McCown,ARI,QB,14,2511,11,10,112,2,1,-5,0,0,0,0,0,9.9,139.14
102,Washington Football Team,WAS,DST,16,0,0,0,0,0,0,0,0,40,18,13,8,8.7,139
103,Ronde Barber,TB,FS,16,0,0,0,0,0,0,0,0,3,3,2,2,8.7,138.5
104,James Farrior,PIT,LB,16,0,0,0,0,0,0,0,0,3,4,3,3,8.6,137.2
105,Detroit Lions,DET,DST,16,0,0,0,0,0,0,0,0,38,14,17,10,8.6,137
106,Houston Texans,HOU,DST,16,0,0,0,0,0,0,0,0,24,22,11,8,8.5,136
107,Dunta Robinson,HOU,CB,16,0,0,0,0,0,0,0,0,3,6,3,0,8.5,135.6
108,Lance Briggs,CHI,OLB,16,0,0,0,0,0,0,0,0,0.5,1,0,0,8.4,135.2
109,Marshall Faulk,LAR,RB,14,0,0,0,774,3,50,310,1,0,0,0,0,9.6,134.4
110,Eric Moulds,BUF,WR,16,0,0,0,19,0,88,1043,5,0,0,0,0,8.4,134.2
111,Jason Witten,DAL,TE,16,0,0,0,0,0,87,980,6,0,0,0,0,8.4,134
111,Arizona Cardinals,ARI,DST,16,0,0,0,0,0,0,0,0,38,15,20,15,8.4,134
111,Seattle Seahawks,SEA,DST,16,0,0,0,0,0,0,0,0,36,23,19,12,8.4,134
114,Will Witherspoon,CAR,OLB,16,0,0,0,0,0,0,0,0,3,4,1,1,8.3,133.1
115,Hines Ward,PIT,WR,16,0,0,0,25,1,80,1004,4,0,0,0,0,8.3,132.9
116,Tedy Bruschi,NE,LB,16,0,0,0,0,0,0,0,0,3.5,3,3,0,8.3,132.5
116,Derrick Blaylock,KC,RB,12,0,0,0,539,8,25,246,1,0,0,0,0,11,132.5
118,M Green,CHI,SS,16,0,0,0,0,0,0,0,0,1.5,2,2,4,8.2,131.6
119,Kevin Johnson,DAL,WR,16,0,0,1,13,0,70,981,6,0,0,0,0,8.2,131.4
120,Jason Elam,DEN,K,16,0,0,0,0,0,0,0,0,0,0,0,0,8.2,131
121,Julius Peppers,CAR,DE,16,0,0,0,0,0,0,0,0,11,2,4,1,8.1,130.1
122,Los Angeles Chargers,LAC,DST,16,0,0,0,0,0,0,0,0,29,23,12,10,8.1,130
122,New Orleans Saints,NO,DST,16,0,0,0,0,0,0,0,0,37,13,25,20,8.1,130
122,New York Giants,NYG,DST,16,0,0,0,0,0,0,0,0,40,14,18,14,8.1,130
122,Jacksonville Jaguars,JAX,DST,16,0,0,0,0,0,0,0,0,37,16,14,11,8.1,130
126,M Peterson,JAX,LB,16,0,0,0,0,0,0,0,0,5,0,1,1,8.1,129.6
127,Julius Jones,DAL,RB,8,0,0,0,819,7,17,109,0,0,0,0,0,16.1,128.8
128,Terrence McGee,BUF,CB,16,0,0,0,0,0,0,0,0,2,3,0,1,8,128.7
129,Danny Clark,LV,LB,16,0,0,0,0,0,0,0,0,2,0,1,0,8,128.1
130,Jeff Reed,PIT,K,16,0,0,0,0,0,0,0,0,0,0,0,0,8,128
131,Roy Williams,DET,WR,14,0,0,0,1,0,54,817,8,0,0,0,0,9.1,127.8
132,Larry Fitzgerald,ARI,WR,16,0,0,0,14,0,58,780,8,0,0,0,0,8,127.4
133,Rodney Harrison,NE,SS,16,0,0,0,0,0,0,0,0,3,2,3,0,8,127.3
134,TJ Houshmandzadeh,CIN,WR,16,0,0,0,51,0,73,978,4,0,0,0,0,7.9,126.9
135,Nick Barnett,GB,ILB,16,0,0,0,0,0,0,0,0,3,1,0,1,7.9,126.7
136,Nate Clements,BUF,SS,16,0,0,0,0,0,0,0,0,0.5,6,5,1,7.9,126.5
137,Marcus Trufant,SEA,CB,16,0,0,0,0,0,0,0,0,1,5,0,0,7.9,125.8
138,Antonio Pierce,WAS,LB,16,0,0,0,0,0,0,0,0,1,2,1,2,7.8,125.4
139,Adrian Wilson,ARI,SS,16,0,0,0,0,0,0,0,0,1,3,1,2,7.8,125.1
140,Zack Thomas,MIA,LB,13,0,0,0,0,0,0,0,0,2,0,0,0,9.6,124.5
141,Keith Brooking,ATL,LB,16,0,0,0,0,0,0,0,0,2.5,3,2,1,7.8,124.2
142,David Akers,PHI,K,16,0,0,0,0,0,0,0,0,0,0,0,0,7.8,124
142,Shayne Graham,CIN,K,16,0,0,0,0,0,0,0,0,0,0,0,0,7.8,124
144,Charles Grant,NO,DE,16,0,0,0,0,0,0,0,0,10.5,1,3,1,7.7,123.3
145,D Patten,NE,WR,16,0,0,0,5,0,44,800,7,0,0,0,0,7.7,122.5
146,B Simmons,CIN,LB,15,0,0,0,0,0,0,0,0,1,2,3,1,8.2,122.4
147,Kevin Williams,MIN,DT,16,0,0,0,0,0,0,0,0,11.5,1,2,3,7.6,122
147,Ryan Longwell,GB,K,16,0,0,0,0,0,0,0,0,0,0,0,0,7.6,122
149,M Williams,CIN,SS,16,0,0,0,0,0,0,0,0,2,3,0,2,7.6,121.4
150,Troy Polamalu,PIT,SS,16,0,0,0,0,0,0,0,0,1,5,1,0,7.5,120.7
151,S Foley,LAC,LB,16,0,0,0,0,0,0,0,0,10,2,5,2,7.5,120
151,Miami Dolphins,MIA,DST,16,0,0,0,0,0,0,0,0,36,15,18,10,7.5,120
153,M Vanderjagt,IND,K,15,0,0,0,0,0,0,0,0,0,0,0,0,7.9,119
154,A Wilson,DEN,LB,16,0,0,0,0,0,0,0,0,2.5,2,2,0,7.4,118.5
155,Jonathan Vilma,NYJ,OLB,16,0,0,0,0,0,0,0,0,2,3,0,1,7.4,118.3
156,Nate Kaeding,LAC,K,16,0,0,0,0,0,0,0,0,0,0,0,0,7.4,118
157,Eric Barton,NYJ,LB,16,0,0,0,0,0,0,0,0,2.5,1,1,4,7.4,117.9
158,O Smith,MIN,RB,11,0,0,0,544,2,36,394,2,0,0,0,0,10.7,117.8
159,D Morgan,CAR,LB,12,0,0,0,0,0,0,0,0,2,2,1,2,9.8,117.2
160,Matt Stover,BAL,K,16,0,0,0,0,0,0,0,0,0,0,0,0,7.3,117
160,Rian Lindell,BUF,K,16,0,0,0,0,0,0,0,0,0,0,0,0,7.3,117
162,Patrick Kerney,ATL,DE,16,0,0,0,0,0,0,0,0,13,1,2,1,7.3,116.9
163,Sinorice Moss,NYJ,WR,15,0,0,0,18,0,45,838,5,0,0,0,0,7.7,115.6
164,D Darius,JAX,SS,16,0,0,0,0,0,0,0,0,0,5,2,4,7.2,115
165,M Washington,WAS,LB,16,0,0,0,0,0,0,0,0,4.5,0,1,1,7.1,114.2
166,Denver Broncos,DEN,DST,16,0,0,0,0,0,0,0,0,38,12,17,8,7.1,114
167,D Nguyen,DAL,LB,16,0,0,0,0,0,0,0,0,1,3,1,1,7.1,113.8
168,M Robinson,MIN,WR,16,0,0,0,0,0,47,657,8,0,0,0,0,7.1,113.7
169,K Lucas,SEA,CB,16,0,0,0,0,0,0,0,0,0,6,0,2,7.1,113.5
170,D Smith,SF,LB,14,0,0,0,0,0,0,0,0,1.5,0,0,2,8.1,113.3
171,R Griffith,CLE,SS,16,0,0,0,0,0,0,0,0,1,1,0,0,7.1,113.1
172,Cato June,IND,LB,16,0,0,0,0,0,0,0,0,0,2,0,2,7,112.5
172,J Butler,LAR,CB,16,0,0,0,0,0,0,0,0,0,5,0,1,7,112.5
174,Cleveland Browns,CLE,DST,16,0,0,0,0,0,0,0,0,32,15,12,13,7,112
175,Darren Sharper,GB,FS,15,0,0,0,0,0,0,0,0,0,4,2,1,7.4,111.5
176,Alge Crumpler,ATL,TE,14,0,0,0,0,0,48,774,6,0,0,0,0,8,111.4
177,Sheldon Brown,PHI,CB,16,0,0,0,0,0,0,0,0,3,2,1,0,6.9,111
177,Josh Brown,SEA,K,16,0,0,0,0,0,0,0,0,0,0,0,0,6.9,111
179,Donte' Stallworth,NO,WR,16,0,0,0,37,0,58,767,5,0,0,0,0,6.9,110.4
180,Steven Jackson,LAR,RB,14,0,0,0,673,4,19,189,0,0,0,0,0,7.9,110.2
181,Erik Coleman,NYJ,SS,16,0,0,0,0,0,0,0,0,2,4,0,1,6.8,109.4
182,Jason Taylor,MIA,LB,16,0,0,0,0,0,0,0,0,9.5,1,2,3,6.8,109
182,Lawrence Tynes,KC,K,16,0,0,0,0,0,0,0,0,0,0,0,0,6.8,109
184,D Williams,DEN,LB,16,0,0,0,0,0,0,0,0,2,1,1,0,6.8,108.8
185,D Smith,TB,SS,16,0,0,0,0,0,0,0,0,0,3,3,0,6.8,108.5
186,Aaron Schobel,BUF,DE,16,0,0,0,0,0,0,0,0,8,0,5,3,6.8,108.3
187,Jeff Garcia,CLE,QB,11,1731,10,9,169,2,0,0,0,0,0,0,0,9.8,108.14
188,John Carney,NO,K,16,0,0,0,0,0,0,0,0,0,0,0,0,6.8,108
188,Sebastian Janikowski,LV,K,16,0,0,0,0,0,0,0,0,0,0,0,0,6.8,108
190,Michael Lewis,PHI,SS,16,0,0,0,0,0,0,0,0,0,1,2,1,6.7,107
190,D Brien,NYJ,K,16,0,0,0,0,0,0,0,0,0,0,0,0,6.7,107
192,G Baxter,BAL,FS,16,0,0,0,0,0,0,0,0,2,1,2,0,6.7,106.8
193,T James,CIN,LB,16,0,0,0,0,0,0,0,0,0,8,2,1,6.7,106.5
193,Brian Dawkins,PHI,SS,15,0,0,0,0,0,0,0,0,3,4,2,1,7.1,106.5
195,Tim Rattay,SF,QB,9,2169,10,10,55,0,0,0,0,0,0,0,0,11.8,106.26
196,K Herndon,DEN,CB,16,0,0,0,0,0,0,0,0,1,2,3,1,6.6,106
197,Will Allen,NYG,DB,16,0,0,0,0,0,0,0,0,1,1,1,0,6.6,105.6
198,Keary Colbert,CAR,WR,15,0,0,0,0,0,47,754,5,0,0,0,0,7,105.4
198,D Givens,NE,WR,15,0,0,0,0,0,56,874,3,0,0,0,0,7,105.4
200,R McMichael,MIA,TE,16,0,0,0,0,0,73,791,4,0,0,0,0,6.6,105.1
201,Minnesota Vikings,MIN,DST,16,0,0,0,0,0,0,0,0,39,11,17,11,6.6,105
201,Green Bay Packers,GB,DST,16,0,0,0,0,0,0,0,0,40,8,13,7,6.6,105
203,T Kiel,LAC,SS,16,0,0,0,0,0,0,0,0,1,2,0,1,6.6,104.8
204,Bertrand Berry,ARI,LB,16,0,0,0,0,0,0,0,0,14.5,0,4,2,6.5,104.5
205,L Suggs,CLE,RB,10,0,0,0,744,2,20,178,1,0,0,0,0,10.4,104.2
206,K Wong,HOU,LB,16,0,0,0,0,0,0,0,0,5.5,3,1,1,6.5,103.9
207,S Springs,WAS,SS,15,0,0,0,0,0,0,0,0,6,5,1,0,6.9,103.7
208,R Curry,LV,WR,12,0,0,0,-3,0,50,679,6,0,0,0,0,8.6,103.6
209,T Jones,NO,S,16,0,0,0,0,0,0,0,0,0,1,1,1,6.5,103.5
210,S Taylor,WAS,S,15,0,0,0,0,0,0,0,0,1,4,2,0,6.9,103.3
211,Mike Minter,CAR,SS,16,0,0,0,0,0,0,0,0,2,0,3,2,6.4,103.2
212,S Christie,NYG,K,16,0,0,0,0,0,0,0,0,0,0,0,0,6.4,103
213,W Demps,BAL,WR,16,0,0,0,0,0,0,0,0,2.5,1,2,2,6.4,102.8
214,Bryan Scott,ATL,OLB,16,0,0,0,0,0,0,0,0,2.5,1,1,1,6.4,102.6
214,Jeremy Shockey,NYG,TE,15,0,0,0,0,0,61,666,6,0,0,0,0,6.8,102.6
216,Akin Ayodele,JAX,LB,16,0,0,0,0,0,0,0,0,2,0,2,1,6.4,102.1
217,Neil Rackers,ARI,K,16,0,0,0,0,0,0,0,0,0,0,0,0,6.4,102
218,Terence Newman,DAL,CB,16,0,0,0,0,0,0,0,0,0,4,2,0,6.3,101
218,Sammie Knight,MIA,SS,16,0,0,0,0,0,0,0,0,0,4,2,1,6.3,101
220,Sammy Morris,MIA,RB,13,0,0,0,523,6,22,124,0,0,0,1,0,7.7,100.7
221,K Kennedy,DEN,SS,16,0,0,0,0,0,0,0,0,2,1,2,1,6.3,100.5
221,J McCareins,NYJ,WR,16,0,0,0,-5,0,56,770,4,0,0,0,0,6.3,100.5
223,D Macklin,ARI,DB,16,0,0,0,0,0,0,0,0,0.5,4,1,1,6.3,100.4
224,Jason Hanson,DET,K,16,0,0,0,0,0,0,0,0,0,0,0,0,6.2,100
224,Phil Dawson,CLE,K,16,0,0,0,0,0,0,0,0,0,0,0,0,6.2,100
226,Plaxico Burress,PIT,WR,11,0,0,0,0,0,35,698,5,0,0,0,0,9.1,99.8
226,Chester Taylor,BAL,RB,16,0,0,0,714,2,30,184,0,0,0,0,0,6.2,99.8
226,J Morton,KC,WR,13,0,0,0,43,0,55,795,3,0,0,0,0,7.7,99.8
229,Ken Hamlin,SEA,DB,16,0,0,0,0,0,0,0,0,2,4,1,0,6.2,99.6
230,Kurt Warner,NYG,QB,10,2054,6,4,30,1,0,0,0,0,0,0,0,9.9,99.16
231,M Andersen,MIN,K,16,0,0,0,0,0,0,0,0,0,0,0,0,6.2,99
231,J Bellamy,NO,SS,16,0,0,0,0,0,0,0,0,0,0,2,3,6.2,99
231,Cyhl Quarles,TB,SS,15,0,0,0,0,0,0,0,0,3.5,0,0,0,6.6,99
231,Tennessee Titans,TEN,DST,16,0,0,0,0,0,0,0,0,32,18,11,12,6.2,99
235,Lito Sheppard,PHI,CB,15,0,0,0,0,0,0,0,0,1,5,0,0,6.6,98.8
236,Laveranues Coles,WAS,WR,16,0,0,0,-3,0,90,950,1,0,0,0,0,6.2,98.7
237,B Alexander,NYG,SS,16,0,0,0,0,0,0,0,0,2,3,1,2,6.1,98.2
238,J Darling,ARI,LB,15,0,0,0,0,0,0,0,0,1,1,2,0,6.5,98.1
239,Chris Gamble,CAR,CB,16,0,0,0,0,0,0,0,0,0,6,1,0,6.1,98
239,Osi Umenyiora,NYG,OLB,16,0,0,0,0,0,0,0,0,7,0,3,4,6.1,98
239,Roy Williams,DAL,SS,16,0,0,0,0,0,0,0,0,0,2,1,0,6.1,98
239,Kansas City Chiefs,KC,DST,16,0,0,0,0,0,0,0,0,41,13,13,7,6.1,98
243,R Godfrey,LAC,LB,15,0,0,0,0,0,0,0,0,2,0,3,1,6.5,97.9
244,Adam Archuleta,LAR,SS,16,0,0,0,0,0,0,0,0,2,0,1,1,6.1,97
245,Deshea Townsend,PIT,DB,15,0,0,0,0,0,0,0,0,4,4,1,1,6.5,96.9
246,Champ Bailey,DEN,CB,16,0,0,0,0,0,1,11,0,0,3,0,0,6,96.6
247,James Hall,DET,DE,16,0,0,0,0,0,0,0,0,11.5,1,4,1,6,96.5
247,Antoine Winfield,MIN,CB,14,0,0,0,0,0,0,0,0,0,3,2,1,6.9,96.5
247,E Holmes,DET,LB,16,0,0,0,0,0,0,0,0,0,0,0,0,6,96.5
250,TJ Duckett,ATL,RB,13,0,0,0,509,8,3,15,0,0,0,0,0,7.4,96.4
251,T Lehman,DET,LB,16,0,0,0,0,0,0,0,0,1,1,1,0,6,96.2
252,Rashean Mathis,JAX,CB,16,0,0,0,0,0,0,0,0,0,5,1,0,6,96
253,R Gardner,WAS,WR,16,0,0,0,7,0,51,650,5,0,0,0,0,6,95.7
254,A Henry,CLE,FS,15,0,0,0,0,0,0,0,0,0,4,0,0,6.4,95.5
255,Adalius Thomas,BAL,LB,16,0,0,0,0,0,0,0,0,8,1,4,0,6,95.3
256,T Parrish,SF,SS,16,0,0,0,0,0,0,0,0,0.5,4,1,1,6,95.2
257,Josh Scobee,JAX,K,16,0,0,0,0,0,0,0,0,0,0,0,0,5.9,95
258,Charles Woodson,LV,SS,13,0,0,0,0,0,0,0,0,2.5,1,2,1,7.3,94.7
259,J Wiggins,MIN,WR,14,0,0,0,0,0,71,705,4,0,0,0,0,6.8,94.5
259,G Wesley,KC,SS,12,0,0,0,0,0,0,0,0,0,4,4,0,7.9,94.5
259,J Winborn,SF,LB,14,0,0,0,0,0,0,0,0,4.5,1,3,1,6.8,94.5
259,J Wilkins,LAR,K,16,0,0,0,-5,0,0,0,0,0,0,0,0,5.9,94.5
259,Brandon Lloyd,SF,WR,13,0,0,0,0,0,43,565,6,0,0,0,0,7.3,94.5
264,E Parker,LAC,WR,15,0,0,0,53,0,47,690,4,0,0,0,0,6.3,94.3
265,Scott Fujita,KC,LB,16,0,0,0,0,0,0,0,0,4.5,0,0,0,5.9,94.1
266,B Marion,DET,S,16,0,0,0,0,0,0,0,0,0,3,0,0,5.9,94
267,J Feely,ATL,K,16,0,0,0,0,0,1,-2,0,0,0,0,0,5.9,93.8
268,J Smith,CIN,DT,16,0,0,0,0,0,0,0,0,8,0,2,2,5.8,93.6
268,G Spires,TB,DT,16,0,0,0,0,0,0,0,0,8,0,3,2,5.8,93.6
270,D Starks,ARI,CB,15,0,0,0,0,0,0,0,0,1,3,1,2,6.2,93.5
270,B Kassell,TEN,LB,15,0,0,0,0,0,0,0,0,0,0,1,0,6.2,93.5
270,Dwight Freeney,IND,DE,16,0,0,0,0,0,0,0,0,16,0,4,0,5.8,93.5
273,Pisa Tinoisamoa,LAR,LB,16,0,0,0,0,0,0,0,0,1.5,0,0,1,5.8,93.4
274,David Barrett,NYJ,S,16,0,0,0,0,0,0,0,0,0,2,1,0,5.8,93
275,Dennis Northcutt,CLE,WR,16,0,0,0,19,0,55,806,2,0,0,0,0,5.8,92.5
275,E Johnson,SF,WR,16,0,0,0,0,0,82,825,2,0,0,0,0,5.8,92.5
277,Terrell Suggs,BAL,DE,16,0,0,0,0,0,0,0,0,10.5,0,1,2,5.8,92.4
278,Jeff Ulbrich,SF,LB,16,0,0,0,0,0,0,0,0,1,1,1,0,5.8,92.1
279,A Glenn,HOU,DB,16,0,0,0,0,0,0,0,0,0,5,1,0,5.8,92
280,Brian Urlacher,CHI,LB,9,0,0,0,0,0,0,0,0,5.5,1,2,0,10.2,91.9
281,Eugene Wilson,NE,FS,15,0,0,0,0,0,0,0,0,0,4,2,2,6.1,91.5
281,B Kelly,TB,DB,16,0,0,0,0,0,0,0,0,0,4,0,1,5.7,91.5
283,Darren Howard,NO,DE,13,0,0,0,0,0,0,0,0,11,0,4,3,7,91.1
284,AJ Feeley,MIA,QB,11,1893,11,15,13,1,0,0,0,0,0,0,0,8.3,91.02
285,B Cundiff,DAL,K,16,0,0,0,0,0,0,0,0,0,0,0,0,5.7,91
286,Mike Vrabel,NE,LB,16,0,0,0,0,0,2,3,2,5.5,0,0,0,5.7,90.7
287,Donald Washington,JAX,CB,16,0,0,0,0,0,0,0,0,0,2,1,0,5.7,90.5
287,Duce Staley,PIT,RB,10,0,0,0,830,1,6,55,0,0,0,0,0,9,90.5
289,Los Angeles Rams,LAR,DST,16,0,0,0,0,0,0,0,0,34,6,13,9,5.6,90
290,A Smith,TEN,TE,13,0,0,0,509,4,22,169,0,0,0,0,0,6.9,89.8
291,Leonard Little,LAR,DE,16,0,0,0,0,0,0,0,0,7,0,1,4,5.6,89.4
292,John Henderson,JAX,NT,16,0,0,0,0,0,0,0,0,5.5,0,0,1,5.6,89
292,F Smoot,WAS,SS,15,0,0,0,0,0,0,0,0,0,3,2,1,5.9,89
294,EJ Henderson,MIN,LB,14,0,0,0,0,0,0,0,0,1,0,1,0,6.4,88.9
295,Joey Porter,PIT,LB,15,0,0,0,0,0,0,0,0,7,1,3,0,5.9,88.6
296,Shaun Ellis,NYJ,DE,15,0,0,0,0,0,0,0,0,11,0,2,1,5.9,88.3
297,G Anderson,TEN,K,15,0,0,0,0,0,0,0,0,0,0,0,0,5.9,88
297,B Williams,MIN,CB,16,0,0,0,0,0,0,0,0,0,2,2,0,5.5,88
297,John Kasay,CAR,K,14,0,0,0,0,0,0,0,0,0,0,0,0,6.3,88
297,W Peterson,NYG,CB,16,0,0,0,0,0,0,0,0,0,2,1,0,5.5,88
297,Cornelius Griffin,WAS,DT,15,0,0,0,0,0,0,0,0,6,0,0,1,5.9,88
302,K Mathis,ATL,S,15,0,0,0,0,0,0,0,0,0,2,0,0,5.8,87.5
302,Nick Harper,IND,CB,14,0,0,0,0,0,0,0,0,0,3,0,1,6.2,87.5
304,B Walker,DET,SS,16,0,0,0,0,0,0,0,0,1,1,0,2,5.4,87.2
305,R Buchanan,LV,FS,16,0,0,0,0,0,0,0,0,0,1,1,0,5.4,87
305,L Thompson,TEN,S,16,0,0,0,0,0,0,0,0,0,4,1,0,5.4,87
305,E Warfield,KC,CB,16,0,0,0,0,0,0,0,0,0,4,1,0,5.4,87
305,R McQuarters,CHI,FS,16,0,0,0,0,0,0,0,0,0,2,0,1,5.4,87
309,Greg Ellis,DAL,LB,16,0,0,0,0,0,0,0,0,9,0,1,0,5.4,86.9
309,Amous Zereoue,LV,RB,15,0,0,0,425,3,39,284,0,0,0,0,0,5.8,86.9
309,Landon Johnson,CIN,LB,16,0,0,0,0,0,0,0,0,2,0,2,1,5.4,86.9
312,R Morris,IND,LB,15,0,0,0,0,0,0,0,0,3,1,1,0,5.8,86.3
313,David Thornton,IND,LB,16,0,0,0,0,0,0,0,0,0,1,2,0,5.3,85.5
313,Chris Hope,PIT,SS,16,0,0,0,0,0,0,0,0,0,1,1,0,5.3,85.5
313,T Polley,LAR,LB,15,0,0,0,0,0,0,0,0,2,0,1,0,5.7,85.5
313,F Brown,NO,DB,16,0,0,0,0,0,0,0,0,0,2,2,3,5.3,85.5
313,W McGinest,NE,LB,16,0,0,0,0,0,0,0,0,9.5,1,2,1,5.3,85.5
318,C Emmons,NYG,LB,15,0,0,0,0,0,0,0,0,1,0,0,0,5.7,85.3
319,Kris Brown,HOU,K,16,0,0,0,0,0,0,0,0,0,0,0,0,5.3,85
319,J David,IND,DB,16,0,0,0,0,0,0,0,0,0,4,1,0,5.3,85
321,B Russell,MIN,SS,16,0,0,0,4,0,0,0,0,0,1,1,1,5.3,84.9
322,K Lang,CLE,LB,16,0,0,0,0,0,0,0,0,7,0,2,0,5.3,84.7
322,Kabeer Gbaja-Biamila,GB,DE,16,0,0,0,0,0,0,0,0,13.5,0,2,0,5.3,84.7
324,Patrick Ramsey,WAS,QB,9,1665,10,11,19,0,0,0,0,0,0,0,0,9.4,84.5
325,J Lynch,DEN,SS,15,0,0,0,0,0,0,0,0,2,1,3,0,5.6,84.2
326,K Mitchell,KC,LB,15,0,0,0,0,0,0,0,0,1,0,1,2,5.6,84
326,M Greenwood,MIA,LB,16,0,0,0,0,0,0,0,0,0,0,0,0,5.2,84
328,K Lewis,NYG,LB,16,0,0,0,0,0,0,0,0,1,0,0,1,5.2,83.5
329,Dallas Cowboys,DAL,DST,16,0,0,0,0,0,0,0,0,33,13,15,9,5.2,83
330,C Wilson,SF,WR,15,0,0,0,6,0,47,641,3,0,0,0,0,5.5,82.7
331,Steve McNair,TEN,QB,8,1343,8,9,128,1,0,0,0,0,0,0,0,10.3,82.52
332,E Hartwell,BAL,LB,16,0,0,0,0,0,0,0,0,0,0,1,1,5.2,82.5
332,D Abraham,NYJ,CB,16,0,0,0,0,0,0,0,0,0,2,0,2,5.2,82.5
334,M Boulware,SEA,SS,16,0,0,0,0,0,0,0,0,1,5,2,0,5.2,82.4
335,Chike Okeafor,SEA,LB,16,0,0,0,0,0,0,0,0,8.5,0,4,0,5.1,82
335,J Davis,DET,LB,16,0,0,0,0,0,0,0,0,3.5,0,0,1,5.1,82
335,Al Harris,GB,CB,16,0,0,0,0,0,0,0,0,0,1,0,0,5.1,82
338,Antwaan Randle El,PIT,WR,16,10,1,0,34,0,43,601,3,0,0,0,0,5.1,81.9
339,Phillip Buchanon,LV,DB,14,0,0,0,0,0,0,0,0,0,3,0,1,5.8,81.5
340,J Azumah,CHI,DB,12,0,0,0,0,0,0,0,0,1.5,4,2,0,6.8,81.2
341,John Abraham,NYJ,OLB,12,0,0,0,0,0,0,0,0,9.5,0,3,1,6.8,81
341,Corey Chavous,MIN,SS,16,0,0,0,0,0,0,0,0,0,1,1,0,5.1,81
341,T Peterson,SF,K,16,0,0,0,0,0,0,0,0,0,0,0,0,5.1,81
344,Andra Davis,CLE,LB,11,0,0,0,0,0,0,0,0,0.5,3,0,1,7.3,80.8
345,N Greisen,NYG,LB,15,0,0,0,0,0,0,0,0,2,0,1,1,5.3,80.1
346,Larry Foote,PIT,ILB,16,0,0,0,0,0,0,0,0,3,1,1,1,5,80
347,P Price,ATL,WR,16,25,0,0,34,0,45,575,3,0,0,0,0,5,79.9
348,J Wilson,LAC,FS,16,0,0,0,0,0,0,0,0,0,3,1,0,5,79.5
349,Will Smith,NO,DE,16,0,0,0,0,0,0,0,0,7.5,0,6,1,4.9,79.1
350,Robert Mathis,IND,OLB,16,0,0,0,0,0,0,0,0,10.5,0,6,3,4.9,79
351,M Fields,CAR,LB,14,0,0,0,0,0,0,0,0,4,1,1,1,5.6,78.7
352,Karlos Dansby,ARI,ILB,15,0,0,0,0,0,0,0,0,5,1,1,3,5.2,78.6
352,A Bryant,CLE,WR,10,0,0,0,0,0,42,546,4,0,0,0,0,7.9,78.6
354,Aaron Kampman,GB,DT,16,0,0,0,0,0,0,0,0,4.5,0,1,1,4.9,78.4
354,D Graham,NE,WR,14,0,0,0,0,0,30,364,7,0,0,1,0,5.6,78.4
354,Alex Brown,CHI,DE,16,0,0,0,0,0,0,0,0,6,0,2,1,4.9,78.4
357,P Surtain,MIA,CB,15,0,0,0,0,0,0,0,0,1,4,0,1,5.2,78.1
357,B Franks,GB,TE,16,0,0,0,0,0,34,361,7,0,0,0,0,4.9,78.1
359,San Francisco 49ers,SF,DST,16,0,0,0,0,0,0,0,0,29,9,18,12,4.9,78
360,Jason Babin,HOU,OLB,16,0,0,0,0,0,0,0,0,4,0,0,2,4.9,77.9
361,R Tongue,NYJ,SS,16,0,0,0,0,0,0,0,0,0,1,1,1,4.8,77.5
362,Reggie Hayward,DEN,DE,16,0,0,0,0,0,0,0,0,10.5,1,1,1,4.8,77.4
362,D Grant,JAX,FS,16,0,0,0,0,0,0,0,0,1,2,0,1,4.8,77.4
364,M Anderson,LV,SS,14,0,0,0,0,0,0,0,0,0,1,1,2,5.5,77
365,I Kacyvenski,SEA,LB,16,0,0,0,0,0,0,0,0,1,0,1,0,4.8,76.5
366,D O'Neal,CIN,WR,12,0,0,0,0,0,0,0,0,1,4,1,0,6.4,76.3
367,Jabar Gaffney,HOU,WR,16,0,0,0,30,0,41,632,2,0,0,0,0,4.8,76.2
368,Simeon Rice,TB,DE,16,0,0,0,0,0,0,0,0,12,0,1,0,4.8,76.1
368,Gibril Wilson,NYG,DB,8,0,0,0,0,0,0,0,0,3,3,1,0,9.5,76.1
370,Shaun Rogers,DET,DT,16,0,0,0,0,0,0,0,0,4,0,0,1,4.7,75.8
370,Hunter Hillenmeyer,CHI,LB,16,0,0,0,0,0,0,0,0,2.5,0,1,1,4.7,75.8
372,D Terrell,CHI,WR,16,0,0,0,10,0,42,699,1,0,0,0,0,4.7,74.9
372,William Green,CLE,RB,15,0,0,0,585,2,14,84,0,0,0,0,0,5,74.9
374,D Levens,PHI,RB,15,0,0,0,410,4,9,92,0,0,0,0,0,4.9,74.2
375,Aaron Smith,PIT,DE,16,0,0,0,0,0,0,0,0,8,0,3,2,4.6,74.1
376,R Manning,CAR,LB,16,0,0,0,0,0,0,0,0,0,4,0,0,4.6,74
376,R Heard,SF,S,16,0,0,0,0,0,0,0,0,0,1,0,1,4.6,74
376,Terrence Johnson,NE,CB,16,0,0,0,0,0,0,0,0,1,0,1,0,4.6,74
379,M Roman,GB,SS,16,0,0,0,0,0,0,0,0,3.5,0,0,0,4.6,73.8
380,T Pinkston,PHI,WR,16,0,0,0,0,0,36,676,1,0,0,0,0,4.6,73.6
381,Joey Galloway,TB,WR,10,0,0,0,19,0,33,416,5,0,0,0,0,7.4,73.5
381,Eddie George,DAL,RB,13,0,0,0,432,4,9,83,0,0,0,0,0,5.7,73.5
383,Lawyer Milloy,BUF,SS,11,0,0,0,0,0,0,0,0,4,2,0,0,6.7,73.4
384,N Diggs,GB,LB,14,0,0,0,0,0,0,0,0,1,0,0,0,5.2,73.2
385,Korey Toomer,NYG,ILB,15,0,0,0,0,0,51,747,0,0,0,0,0,4.8,72.7
386,L Johnstone,MIN,DE,16,0,0,0,0,0,0,0,0,11,0,5,0,4.5,72.6
387,I Ohalete,ARI,SS,16,0,0,0,0,0,0,0,0,0,0,1,1,4.5,72.5
388,Raheem Brock,IND,DE,16,0,0,0,0,0,0,0,0,6.5,0,1,2,4.5,72.3
388,B Fisher,LAR,DE,16,0,0,0,0,0,0,0,0,8.5,0,2,0,4.5,72.3
390,Dre Bly,DET,DB,13,0,0,0,0,0,0,0,0,0,4,0,0,5.5,72
391,D Coakley,DAL,LB,16,0,0,0,33,0,0,0,0,0,0,0,1,4.5,71.8
392,M Coleman,HOU,FS,12,0,0,0,0,0,0,0,0,0,2,0,0,6,71.5
393,D Carpenter,SF,S,15,0,0,0,0,0,0,0,0,2,1,1,1,4.8,71.3
393,A Hakim,DET,WR,12,0,0,0,0,0,31,533,3,0,0,0,0,5.9,71.3
395,J Engelberger,SF,DE,16,0,0,0,0,0,0,0,0,6,0,4,1,4.4,71.1
396,A Dyson,TEN,CB,16,0,0,0,0,0,0,0,0,0,6,0,0,4.4,71
396,P Edinger,CHI,K,16,0,0,1,0,0,0,0,0,0,0,0,0,4.4,71
398,M Booker,MIA,WR,15,48,0,0,-8,0,50,638,1,0,0,0,0,4.7,70.92
399,Quentin Jammer,LAC,CB,16,0,0,0,0,0,0,0,0,0,1,0,0,4.4,70.5
400,C Claiborne,MIN,LB,12,0,0,0,0,0,0,0,0,1,1,1,1,5.9,70.3
400,Dallas Clark,IND,TE,15,0,0,0,0,0,25,423,5,0,0,0,0,4.7,70.3
402,J Foreman,HOU,LB,11,0,0,0,0,0,0,0,0,0,0,0,1,6.4,70
402,B Smith,ATL,DE,16,0,0,0,0,0,0,0,0,6,1,3,2,4.4,70
402,Shawntae Spencer,SF,CB,16,0,0,0,0,0,0,0,0,0,0,0,0,4.4,70
402,I Gold,TB,LB,16,0,0,0,0,0,0,0,0,0.5,1,0,0,4.4,70
406,Marcus Stroud,JAX,DT,16,0,0,0,0,0,0,0,0,4.5,0,2,1,4.4,69.6
407,O Ruff,NO,LB,14,0,0,0,0,0,0,0,0,0,1,0,0,5,69.5
408,M Stewart,ATL,LB,16,0,0,0,0,0,0,0,0,1.5,0,0,0,4.3,69.4
409,K Hardy,CIN,LB,16,0,0,0,0,0,0,0,0,4,0,0,0,4.3,69.3
409,A Carroll,GB,DB,14,0,0,0,0,0,0,0,0,2,1,0,1,5,69.3
411,J Putzier,DEN,WR,16,0,0,0,0,0,36,572,2,0,0,0,0,4.3,69.2
412,LaMont Jordan,NYJ,RB,16,0,0,1,479,2,15,112,0,0,0,0,0,4.3,69.1
412,D Spragan,DEN,LB,16,0,0,0,0,0,0,0,0,1,0,1,1,4.3,69.1
414,Ryan Clark,WAS,FS,15,0,0,0,0,0,0,0,0,0,0,0,0,4.6,69
414,T Bierria,SEA,SS,15,0,0,0,0,0,0,0,0,0,1,1,0,4.6,69
416,K Kaesviharn,CIN,SS,15,0,0,0,0,0,0,0,0,0,0,0,1,4.5,68
416,D Jones,PHI,LB,16,0,0,0,0,0,0,0,0,0.5,1,0,1,4.2,68
416,Asante Samuel,NE,CB,13,0,0,0,0,0,0,0,0,0,1,3,0,5.2,68
419,Jonathan Wells,HOU,RB,16,0,0,0,299,3,11,79,2,0,0,0,0,4.2,67.8
420,LJ Smith,PHI,TE,16,0,0,0,0,0,34,377,5,0,0,0,0,4.2,67.7
421,David Bowens,MIA,LB,16,0,0,0,0,0,0,0,0,7,0,3,0,4.2,67.5
421,K Herring,CIN,SS,12,0,0,0,0,0,0,0,0,0,1,1,0,5.6,67.5
423,Chris Cooley,WAS,TE,16,0,0,0,0,0,37,314,6,0,0,1,0,4.2,67.4
423,Deion Branch,NE,WR,9,0,0,0,0,0,35,454,4,0,0,0,0,7.5,67.4
425,T Johnson,CHI,FS,16,0,0,0,0,0,0,0,0,0,0,0,1,4.2,67
425,C McAlister,BAL,DB,15,0,0,0,0,1,0,0,0,0,1,0,1,4.5,67
427,M Pollard,IND,TE,13,0,0,0,0,0,29,309,6,0,0,0,0,5.1,66.9
428,Anquan Boldin,ARI,WR,10,0,0,0,3,0,56,623,1,0,0,0,0,6.7,66.6
429,T Fisher,GB,RB,16,8,1,0,224,0,38,277,2,0,0,0,0,4.2,66.42
430,Kevin Faulk,NE,RB,11,0,0,0,255,2,26,248,1,0,0,1,0,6,66.3
431,A Cochran,SEA,DT,16,0,0,0,0,0,0,0,0,6.5,1,3,1,4.1,66
431,Las Vegas Raiders,LV,DST,16,0,0,0,0,0,0,0,0,25,9,9,9,4.1,66
433,Mark Brunell,WAS,QB,9,1194,7,6,62,0,0,0,0,0,0,0,0,7.3,65.96
434,W Holdman,CLE,LB,16,0,0,0,0,0,0,0,0,0.5,0,0,0,4.1,65.9
435,D Clemons,CIN,DT,14,0,0,0,0,0,0,0,0,6.5,0,2,0,4.6,65.1
436,E Ekuban,CLE,DL,16,0,0,0,0,0,0,0,0,8,0,1,2,4,64.5
436,Tyrone Wheatley,LV,RB,8,0,0,0,327,4,15,78,0,0,0,0,0,8.1,64.5
438,Travis Minor,MIA,RB,11,0,0,0,388,3,13,75,0,0,0,0,0,5.8,64.3
439,C Branch,CAR,SS,16,0,0,0,0,0,0,0,0,0,3,0,0,4,64
440,D Gabriel,LV,WR,16,0,0,0,7,0,33,551,2,0,0,0,0,4,63.8
441,M Doss,IND,SS,10,0,0,0,0,0,0,0,0,1,2,3,0,6.4,63.7
442,Tatum Bell,DEN,RB,14,0,0,0,396,3,5,80,0,0,0,0,0,4.5,63.6
442,Anthony Thomas,CHI,RB,12,0,0,0,404,2,17,132,0,0,0,0,0,5.3,63.6
444,Madieu Williams,MIN,FS,14,0,0,0,161,3,21,233,1,0,0,0,0,4.5,63.4
445,Jeff Zgonina,MIA,DT,16,0,0,0,0,0,0,0,0,5,0,0,0,4,63.2
445,M Beisel,KC,LB,11,0,0,0,0,0,0,0,0,2.5,1,1,1,5.7,63.2
447,J Posey,BUF,LB,16,0,0,0,0,0,0,0,0,1,1,0,1,3.9,63.1
447,Kelly Gregg,BAL,NT,14,0,0,0,0,0,0,0,0,1.5,0,1,1,4.5,63.1
449,D McCutcheon,CLE,DB,12,0,0,0,0,0,0,0,0,0,2,0,0,5.2,62.5
450,Ben Leber,LAC,LB,16,0,0,0,0,0,0,0,0,2,0,0,1,3.9,62.2
451,J Pathon,NO,WR,15,0,0,0,0,0,34,581,1,0,0,0,0,4.1,62.1
452,Jevon Kearse,PHI,DE,14,0,0,0,0,0,0,0,0,7.5,0,2,1,4.4,61.9
453,K Robinson,SEA,WR,10,0,0,0,3,0,31,495,2,0,0,0,0,6.2,61.8
453,Jeremiah Trotter,PHI,LB,16,0,0,0,0,0,0,0,0,1,0,0,0,3.9,61.8
455,Adewale Ogunleye,CHI,DE,12,0,0,0,0,0,0,0,0,5,0,3,1,5.1,61.7
455,Mewelde Moore,MIN,RB,10,0,0,0,379,0,27,238,0,0,0,0,0,6.2,61.7
455,Daryl Smith,JAX,OLB,15,0,0,0,0,0,0,0,0,2,1,0,1,4.1,61.7
458,R McKinnon,ARI,LB,16,0,0,0,0,0,0,0,0,0,0,0,0,3.8,61.5
459,Demarcus Faggins,HOU,DB,16,0,0,0,0,0,0,0,0,0,3,0,0,3.8,61
460,J Rice,SEA,WR,17,0,0,0,0,0,30,429,3,0,0,0,0,3.6,60.9
461,R Hill,ARI,FS,13,0,0,0,0,0,0,0,0,1,1,1,0,4.7,60.7
462,Chaun Thompson,CLE,LB,16,0,0,0,0,0,0,0,0,2.5,0,0,1,3.8,60.5
462,C Crocker,CLE,SS,12,0,0,0,0,0,0,0,0,2,1,0,0,5,60.5
464,Michael Bennett,MIN,RB,11,0,0,0,276,1,21,207,1,0,0,0,0,5.5,60.3
464,T Williams,TEN,SS,9,0,0,0,0,0,0,0,0,1,1,1,1,6.7,60.3
464,C Conway,SF,WR,16,0,0,0,0,0,38,403,3,0,0,0,0,3.8,60.3
467,L Marshall,WAS,LB,16,0,0,0,0,0,0,0,0,1.5,0,0,0,3.8,60.2
467,Ty Warren,NE,DT,16,0,0,0,0,0,0,0,0,3.5,0,2,0,3.8,60.2
469,J Nelson,IND,LB,15,0,0,0,0,0,0,0,0,0,1,0,2,4,60
470,Bobby Engram,SEA,WR,13,0,0,0,0,0,36,499,2,0,0,0,0,4.6,59.9
470,D Thompson,MIA,WR,16,0,0,0,0,0,23,359,4,0,0,0,0,3.7,59.9
472,Fred Robbins,NYG,DT,15,0,0,0,0,0,0,0,0,5,1,2,0,4,59.6
473,Bryant Johnson,ARI,WR,16,0,0,0,-6,0,49,537,1,0,0,0,0,3.7,59.1
474,Mike McKenzie,NO,DB,11,0,0,0,0,0,0,0,0,0,5,0,0,5.4,59
475,J Chatman,LAC,RB,15,0,0,0,392,3,2,17,0,0,0,0,0,3.9,58.9
476,Steve Heiden,CLE,TE,13,0,0,0,0,0,28,287,5,0,0,0,0,4.5,58.7
476,Q Morgan,DAL,WR,15,0,0,0,23,0,31,404,3,0,0,0,0,3.9,58.7
478,W Williams,PIT,CB,16,0,0,0,0,0,0,0,0,1,1,0,0,3.7,58.6
479,Richard Seymour,NE,DT,15,0,0,0,0,0,0,0,0,5,0,1,1,3.9,58.5
479,Chris Draft,ATL,LB,14,0,0,0,0,0,0,0,0,0,1,1,0,4.2,58.5
481,Darnell Dockett,ARI,DT,16,0,0,0,0,0,0,0,0,3.5,1,1,1,3.6,58.4
482,O Huff,SEA,LB,16,0,0,0,0,0,0,0,0,1,0,0,2,3.6,58
483,C Bradford,HOU,WR,15,0,0,0,0,0,27,399,3,0,0,0,0,3.9,57.9
484,M Hicks,SF,RB,9,0,0,0,362,2,16,154,0,0,0,0,0,6.4,57.6
485,Jay Fiedler,MIA,QB,8,1186,7,8,59,0,0,0,0,0,0,0,0,7.2,57.34
486,A Weaver,BAL,DT,16,0,0,0,0,0,0,0,0,4,1,0,1,3.6,57.3
487,T Brayton,LV,LB,15,0,0,0,0,0,0,0,0,2.5,1,0,0,3.8,57.1
488,Shawn Bryson,DET,RB,16,0,0,0,264,0,44,322,0,0,0,0,0,3.5,56.6
488,Chris Kelsay,BUF,DE,16,0,0,0,0,0,0,0,0,4.5,1,1,2,3.5,56.6
490,E Little,CLE,SS,16,0,0,0,0,0,0,0,0,0,1,1,1,3.5,56.5
490,Clark Haggans,PIT,LB,13,0,0,0,0,0,0,0,0,6,0,2,1,4.3,56.5
490,I Bashir,IND,S,13,0,0,0,0,0,0,0,0,0,0,1,1,4.3,56.5
490,Kevin Curtis,LAR,WR,15,0,0,0,24,0,32,421,2,0,0,1,0,3.8,56.5
494,M Rucker,CAR,DE,16,0,0,0,0,0,0,0,0,3.5,0,1,1,3.5,56.3
495,K Moorehead,CAR,DT,14,0,0,0,0,0,0,0,0,2,1,0,1,4,56.1
496,Olindo Mare,MIA,K,11,0,0,0,0,0,0,0,0,0,0,0,0,5.1,56
496,J Webster,ATL,CB,10,0,0,0,0,0,0,0,0,0,1,1,0,5.6,56
496,M Gramatica,IND,K,15,0,0,0,0,0,0,0,0,0,0,0,0,3.7,56
496,Cory Redding,DET,DE,16,0,0,0,0,0,0,0,0,3,0,1,2,3.5,56
500,K Washington,CIN,WR,16,0,0,0,-1,0,31,378,3,0,0,0,0,3.5,55.7
501,D Rodgers,NO,LB,8,0,0,0,0,0,0,0,0,0,0,1,0,6.9,55.5
501,Randall Gay,NE,CB,15,0,0,0,0,0,0,0,0,0,2,0,2,3.7,55.5
501,Nathan Vasher,CHI,DB,16,0,0,0,0,0,0,0,0,0,5,0,1,3.5,55.5
501,T Edwards,JAX,WR,16,0,0,0,2,0,50,533,1,0,0,0,0,3.5,55.5
505,C Moore,BAL,WR,15,0,0,0,0,0,24,293,4,0,0,0,0,3.7,55.3
506,M Hawthorne,GB,S,16,0,0,0,0,0,0,0,0,0,0,2,2,3.4,55
506,F Bryant,DET,CB,10,0,0,0,0,0,0,0,0,0,0,0,0,5.5,55
506,F Thomas,NO,CB,15,0,0,0,0,0,0,0,0,0,0,0,2,3.7,55
509,Jerramy Stevens,SEA,TE,16,0,0,0,0,0,31,349,3,0,0,0,0,3.4,54.9
509,C Watson,NO,LB,12,0,0,0,0,0,0,0,0,2,0,0,0,4.6,54.9
511,F Jones,ARI,TE,16,0,0,0,0,0,45,426,2,0,0,0,0,3.4,54.6
512,S Madison,MIA,CB,16,0,0,0,0,0,0,0,0,0,0,3,0,3.4,54.5
512,D Hall,ATL,CB,10,0,0,0,0,0,0,0,0,0.5,2,1,0,5.4,54.5
512,K Dilger,TB,TE,16,0,0,0,0,0,39,345,3,0,0,0,0,3.4,54.5
515,Ryan Pickett,LAR,NT,16,0,0,0,0,0,0,0,0,2,0,1,0,3.4,54.4
516,R Anderson,DAL,RB,12,26,1,0,246,1,26,207,0,0,0,0,0,4.5,54.34
517,I Reese,PHI,LB,16,0,0,0,0,0,0,0,0,1,2,1,0,3.4,54.2
518,K Newman,MIN,LB,15,0,0,0,0,0,0,0,0,3.5,0,0,0,3.6,54.1
519,R Hood,PHI,CB,16,0,0,0,0,0,0,0,0,0,1,1,3,3.4,54
519,N Harris,LV,LB,14,0,0,0,0,0,0,0,0,0,0,0,0,3.9,54
519,D Walker,LV,SS,16,0,0,0,0,0,0,0,0,0,1,0,1,3.4,54
522,Ladell Betts,WAS,RB,16,0,0,0,371,1,15,108,0,0,0,0,0,3.4,53.9
523,C Williams,BAL,SS,16,0,0,0,0,0,0,0,0,2,3,0,0,3.4,53.8
524,Bobby Wade,CHI,WR,16,0,0,0,76,0,42,481,0,0,0,0,0,3.4,53.7
525,R Caldwell,LAC,WR,6,0,0,0,45,0,18,310,3,0,0,0,0,8.9,53.5
526,V Haynes,PIT,RB,13,0,0,0,272,0,18,142,2,0,0,0,0,4.1,53.4
527,A Davis,CLE,WR,7,0,0,0,-3,0,16,416,2,0,0,0,0,7.6,53.3
527,O Ayanbadejo,ARI,RB,16,0,0,0,122,3,19,171,1,0,0,0,0,3.3,53.3
529,Mark Simoneau,PHI,LB,14,0,0,0,0,0,0,0,0,1.5,0,1,1,3.8,53.1
529,Michael Strahan,NYG,DE,8,0,0,0,0,0,0,0,0,4,0,1,3,6.6,53.1
531,B Green,NYG,LB,10,0,0,0,0,0,0,0,0,0,0,2,2,5.3,53
532,Brad Hoover,CAR,FB,14,0,0,0,246,0,21,161,2,0,0,0,1,3.8,52.7
532,Jared Allen,KC,OLB,15,0,0,0,0,0,0,0,0,9,0,0,0,3.5,52.7
534,A Lewis,DET,LB,15,0,0,0,0,0,0,0,0,2,1,0,0,3.5,52.6
535,C Hall,ATL,SS,14,0,0,0,0,0,0,0,0,0,0,0,1,3.8,52.5
536,K Udeze,MIN,DE,16,0,0,0,0,0,0,0,0,5,0,1,1,3.3,52.2
536,S Rayburn,PHI,DT,16,0,0,0,0,0,0,0,0,6,0,2,0,3.3,52.2
538,G Wistrom,SEA,DE,9,0,0,0,0,0,0,0,0,3.5,0,1,1,5.8,52
538,A Williams,LAR,S,13,0,0,0,0,0,0,0,0,0,0,2,0,4,52
540,Aaron Stecker,NO,RB,16,0,0,0,244,2,29,174,0,0,0,0,0,3.2,51.8
541,T Glenn,DAL,WR,6,0,0,0,-3,0,24,400,2,0,0,0,0,8.6,51.7
542,Nick Davenport,GB,RB,11,0,0,0,359,2,4,33,0,0,0,0,0,4.7,51.2
542,Mike Alstott,TB,RB,14,0,0,0,230,2,29,202,0,0,0,0,0,3.7,51.2
544,J Allen,NO,LB,16,0,0,0,0,0,0,0,0,0,0,2,2,3.2,51
544,Chartric Darby,TB,DT,16,0,0,0,0,0,0,0,0,0,0,1,1,3.2,51
544,D McCleon,KC,CB,13,0,0,0,0,0,0,0,0,0,2,0,1,3.9,51
544,A Simmons,SEA,LB,7,0,0,0,0,0,0,0,0,0,1,1,0,7.3,51
544,L Frazier,DAL,CB,12,0,0,0,0,0,0,0,0,0,2,0,1,4.2,51
549,B Hamilton,LV,LB,16,0,0,0,0,0,0,0,0,1,0,0,0,3.2,50.9
550,Junior Seau,MIA,LB,8,0,0,0,0,0,0,0,0,1,0,0,1,6.3,50.7
551,R Proehl,CAR,WR,16,0,0,0,9,0,34,497,0,0,0,0,0,3.2,50.6
552,D White,ATL,WR,16,0,0,0,14,0,30,370,2,0,0,0,0,3.2,50.4
552,D Thomas,MIN,LB,16,0,0,0,0,0,0,0,0,0.5,0,1,1,3.2,50.4
554,K Mangum,CAR,TE,15,0,0,0,0,0,34,323,3,0,0,0,0,3.4,50.3
554,M Campbell,BUF,TE,12,0,0,0,0,0,17,203,5,0,0,0,0,4.2,50.3
554,Tommie Harris,CHI,DT,16,0,0,0,0,0,0,0,0,3.5,0,1,0,3.1,50.3
557,G Favors,JAX,LB,15,0,0,0,0,0,0,0,0,5.5,0,0,0,3.3,50.2
558,Ken Dorsey,SF,QB,9,1231,6,9,7,0,0,0,0,0,0,0,0,5.5,49.94
559,Q Griffin,DEN,RB,6,0,0,0,311,2,10,68,1,0,0,0,0,8.3,49.9
560,F Mitchell,PHI,WR,16,0,0,0,0,0,22,377,2,0,0,0,0,3.1,49.7
560,Damione Lewis,LAR,DT,16,0,0,0,0,0,0,0,0,5,0,1,0,3.1,49.7
562,J Williams,SF,FS,12,0,0,0,0,0,0,0,0,1,0,0,1,4.1,49.6
563,Eli Manning,NYG,QB,9,1043,6,9,35,0,0,0,0,0,0,0,0,5.5,49.22
564,A Shea,CLE,TE,15,0,0,0,0,0,26,252,4,0,0,0,0,3.3,49.2
564,W Sapp,LV,NT,16,0,0,0,0,0,0,0,0,2.5,0,0,2,3.1,49.2
566,T Washington,LV,NT,16,0,0,0,0,0,0,0,0,3,0,1,0,3,48.7
566,M Haynes,CHI,DL,16,0,0,0,0,0,0,0,0,2,1,1,0,3,48.7
568,Vince Wilfork,NE,NT,16,0,0,0,0,0,0,0,0,2,0,0,2,3,48.6
569,A Ambrose,NO,CB,9,0,0,0,0,0,0,0,0,0,3,1,1,5.4,48.5
570,Todd Heap,BAL,TE,6,0,0,0,0,0,27,303,3,0,0,0,0,8,48.3
571,Drayton Florence,LAC,CB,13,0,0,0,0,0,0,0,0,0,4,0,0,3.7,48
571,S Davis,LAC,DB,12,0,0,0,0,0,0,0,0,0,1,0,0,4,48
573,D Watts,DEN,WR,16,0,0,0,33,0,31,385,1,0,0,0,0,3,47.8
574,Dewayne White,TB,DE,16,0,0,0,0,0,0,0,0,6,0,0,1,3,47.6
575,R Thomas,LAR,LB,14,0,0,0,0,0,0,0,0,0,0,0,0,3.4,47.5
575,A Woolfolk,TEN,DB,10,0,0,0,0,0,0,0,0,0,1,0,0,4.8,47.5
575,D Armstrong,HOU,WR,14,0,0,0,0,0,29,415,1,0,0,0,0,3.4,47.5
578,D Williams,ATL,LB,16,0,0,0,0,0,0,0,0,2.5,0,0,0,3,47.4
579,Kelly Holcomb,CLE,QB,4,737,7,5,-2,0,0,0,0,0,0,0,0,11.8,47.28
580,Jarvis Green,NE,DE,16,0,0,0,0,0,0,0,0,4,0,1,3,3,47.2
580,T Dixon,DAL,SS,16,0,0,0,0,0,0,0,0,3,0,2,0,3,47.2
582,R Phifer,NE,LB,13,0,0,0,0,0,0,0,0,1.5,1,0,1,3.6,47
582,J Williams,MIA,DE,16,0,0,0,0,0,0,0,0,2,1,2,0,2.9,47
582,R Coady,LAR,SS,16,0,0,0,0,0,0,0,0,0,0,1,1,2.9,47
585,W Bartee,KC,S,14,0,0,0,0,0,0,0,0,1.5,0,0,0,3.3,46.7
586,B Williams,NO,TE,16,0,0,0,0,0,33,362,2,0,0,1,0,2.9,46.2
587,K Bentley,CLE,LB,16,0,0,0,0,0,0,0,0,0,0,1,0,2.9,46
587,C Bockwoldt,NO,LB,16,0,0,0,0,0,0,0,0,1,0,0,1,2.9,46
587,D Pope,MIA,LB,16,0,0,0,0,0,0,0,0,2,0,1,1,2.9,46
590,W Chrebet,NYJ,WR,16,0,0,0,0,0,31,397,1,0,0,0,0,2.9,45.7
590,Jermaine Phillips,TB,FS,9,0,0,0,0,0,0,0,0,1,1,0,0,5.1,45.7
592,Keenan McCardell,LAC,WR,7,0,0,0,3,0,31,393,1,0,0,0,0,6.5,45.6
593,V Hutchins,IND,FS,16,0,0,0,0,0,0,0,0,0,1,0,0,2.8,45.5
594,J Woods,KC,S,10,0,0,0,0,0,0,0,0,1,0,1,0,4.5,45.4
595,M Wiley,DAL,DE,16,0,0,0,0,0,0,0,0,3,0,1,0,2.8,45.3
595,J Jurevicius,TB,WR,10,0,0,0,0,0,27,333,2,0,0,0,0,4.5,45.3
597,I Hilliard,NYG,WR,16,0,0,0,34,0,49,437,0,0,0,0,0,2.8,45.1
597,DeShaun Foster,CAR,RB,4,0,0,0,255,2,9,76,0,0,0,0,0,11.3,45.1
599,R Ferguson,GB,WR,13,0,0,0,0,0,24,367,1,0,0,0,0,3.4,44.7
599,C Lewis,PHI,TE,15,0,0,0,0,0,29,267,3,0,0,0,0,3,44.7
601,S Harts,KC,SS,16,0,0,0,0,0,0,0,0,0,0,1,0,2.8,44.5
601,A Hawkins,CAR,LB,14,0,0,0,0,0,0,0,0,0,1,3,0,3.2,44.5
601,T Fisher,LAR,CB,10,0,0,0,0,0,0,0,0,0,1,1,0,4.4,44.5
604,R Hymes,BAL,WR,14,0,0,0,0,0,26,323,2,0,0,0,0,3.2,44.3
605,L Scott,DAL,SS,16,0,0,0,0,0,0,0,0,1,1,0,1,2.8,44.1
605,J Simmons,HOU,SS,10,0,0,0,1,0,0,0,0,0,1,1,0,4.4,44.1
605,A Beasley,ATL,CB,14,0,0,0,0,0,0,0,0,1,4,2,0,3.2,44.1
605,Niko Koutouvides,SEA,OLB,16,0,0,0,0,0,0,0,0,1,0,0,0,2.8,44.1
609,Z Crockett,LV,TE,16,0,0,0,232,2,16,87,0,0,0,0,0,2.7,43.9
610,K Thomas,BUF,DB,16,0,0,0,0,0,1,24,0,1,0,1,0,2.7,43.8
611,S Alexander,DET,TE,16,0,0,0,0,0,41,377,1,0,0,0,0,2.7,43.7
612,H Navies,GB,LB,15,0,0,0,0,0,0,0,0,0.5,0,0,0,2.9,43.6
612,C Hall,TEN,DE,14,0,0,0,0,0,0,0,0,2.5,0,0,1,3.1,43.6
614,Charles Tillman,CHI,CB,8,0,0,0,0,0,0,0,0,0,0,1,0,5.4,43.5
614,V Hobson,NYJ,LB,12,0,0,0,0,0,0,0,0,0,1,0,0,3.6,43.5
616,Albert Haynesworth,TEN,DT,10,0,0,0,0,0,0,0,0,1,0,2,0,4.3,43.4
617,D Jolley,LV,TE,16,0,0,0,0,0,27,313,2,0,0,0,0,2.7,43.3
618,S Barber,KC,LB,8,0,0,0,0,0,0,0,0,1,1,1,0,5.4,42.9
619,Kassim Osgood,LAC,WR,16,0,0,0,0,0,15,308,2,0,0,0,0,2.7,42.8
620,A Singleton,DAL,LB,13,0,0,0,0,0,0,0,0,0,0,1,0,3.3,42.5
621,Matt Schobel,CIN,TE,16,0,0,0,0,0,21,201,4,0,0,0,1,2.6,42.1
622,K Ratliff,CIN,SS,16,0,0,0,0,0,0,0,0,0,0,1,1,2.6,42
622,Roosevelt Colvin,NE,LB,16,0,0,0,0,0,0,0,0,5,0,1,0,2.6,42
624,W Henderson,GB,RB,16,0,0,0,0,0,34,239,3,0,0,0,0,2.6,41.9
624,Troy Hambrick,ARI,RB,10,0,0,0,283,1,4,16,1,0,0,0,0,4.2,41.9
624,E Hicks,KC,DE,16,0,0,0,0,0,0,0,0,5,0,0,0,2.6,41.9
627,Nnamdi Asomugha,LV,CB,16,0,0,0,0,0,0,0,0,1,0,0,0,2.6,41.8
628,K Edwards,DET,DE,16,0,0,0,0,0,0,0,0,4.5,0,2,1,2.6,41.6
629,A Edwards,MIA,S,8,0,0,0,0,0,0,0,0,1,0,1,0,5.2,41.5
629,A Freeman,MIA,S,15,0,0,0,0,0,0,0,0,0,4,0,0,2.8,41.5
629,T Cousin,NYG,SS,16,0,0,0,0,0,0,0,0,0,1,0,0,2.6,41.5
632,K Johnson,BAL,WR,16,0,0,0,0,0,35,373,1,0,0,0,0,2.6,41.3
633,E Wilford,JAX,WR,15,0,0,0,0,0,19,271,2,0,0,0,0,2.7,41.1
633,Bryan Thomas,NYJ,LB,14,0,0,0,0,0,0,0,0,1.5,0,0,0,2.9,41.1
635,J Sowell,NYJ,FB,16,0,0,0,28,0,45,342,1,0,0,0,0,2.6,41
636,Renaldo Wynn,WAS,DE,16,0,0,0,0,0,0,0,0,3,0,0,0,2.6,40.9
636,C Brown,SEA,LB,7,0,0,0,0,0,0,0,0,1,0,1,1,5.8,40.9
638,K Campbell,MIN,WR,16,0,0,0,4,0,19,364,1,0,0,0,0,2.6,40.8
639,Samari Rolle,TEN,CB,12,0,0,0,0,0,0,0,0,0,1,0,1,3.4,40.5
640,Chris Baker,NYJ,TE,16,0,0,0,0,0,18,182,4,0,0,0,0,2.5,40.2
641,T Taylor,BAL,WR,10,0,0,0,0,0,34,421,0,0,0,0,0,4,40.1
642,Bob Sanders,IND,SS,6,0,0,0,0,0,0,0,0,0,0,0,2,6.7,40
642,J McGraw,NYJ,SS,12,0,0,0,0,0,0,0,0,0,2,1,0,3.3,40
644,Chad Hutchinson,CHI,QB,5,903,4,3,14,0,0,0,0,0,0,0,0,7.9,39.52
645,G Earl,HOU,SS,12,0,0,0,0,0,0,0,0,0,0,0,0,3.3,39.5
645,T Smith,LV,LB,8,0,0,0,0,0,0,0,0,0,0,0,1,4.9,39.5
647,Tommy Kelly,LV,DT,9,0,0,0,0,0,0,0,0,3,0,3,1,4.4,39.3
648,Jon Kitna,CIN,QB,4,623,5,4,42,0,0,0,0,0,0,0,0,9.8,39.12
649,K Adams,PHI,LB,16,0,0,0,0,0,0,0,0,0,0,2,0,2.4,39
650,B Troupe,TEN,TE,14,0,0,0,0,0,33,329,1,0,0,0,0,2.8,38.9
651,B Jue,GB,SS,16,0,0,0,0,0,0,0,0,0,1,0,0,2.4,38.5
652,Shaun Phillips,LAC,OLB,16,0,0,0,0,0,0,0,0,4,1,0,2,2.4,38.3
653,M Waddell,TEN,DB,16,0,0,0,0,0,0,0,0,0,1,0,0,2.4,38
653,C Scott,PIT,SS,7,0,0,0,0,0,0,0,0,0,1,0,0,5.4,38
655,D Robertson,NYJ,NT,16,0,0,0,0,0,0,0,0,3,0,1,0,2.4,37.9
656,Robert Geathers,CIN,DE,14,0,0,0,0,0,0,0,0,3.5,1,1,0,2.7,37.7
657,B Short,CAR,LB,16,0,0,0,0,0,0,0,0,0,0,1,0,2.3,37.5
658,Bernard Berrian,CHI,WR,16,0,0,0,28,0,15,225,2,0,0,0,0,2.3,37.3
658,GJ Kinne,TEN,QB,9,0,0,0,0,0,25,193,3,0,0,0,0,4.1,37.3
660,Kenny Watson,CIN,RB,16,0,0,0,161,0,25,171,1,0,0,1,0,2.3,37.2
661,Allen Rossum,ATL,DB,16,0,0,0,0,0,0,0,0,1,2,0,0,2.3,37.1
661,Travis Henry,BUF,RB,10,0,0,0,326,0,10,45,0,0,0,0,0,3.7,37.1
661,Bobby McCray,JAX,DE,16,0,0,0,0,0,0,0,0,3.5,0,2,0,2.3,37.1
664,C Cash,DET,CB,11,0,0,0,0,0,0,0,0,0,1,1,0,3.4,37
664,J Hall,WAS,K,8,0,0,0,0,0,0,0,0,0,0,0,0,4.6,37
664,Walt Harris,WAS,CB,16,0,0,0,0,0,0,0,0,0,2,1,0,2.3,37
664,T Shaw,MIN,S,15,0,0,0,0,0,0,0,0,0,1,0,0,2.5,37
668,M Coleman,DEN,DE,16,0,0,0,0,0,0,0,0,2.5,0,1,1,2.3,36.9
668,Julian Peterson,SF,LB,5,0,0,0,0,0,0,0,0,2.5,0,1,0,7.4,36.9
670,A Whitted,LV,WR,11,0,0,0,0,0,9,227,2,0,0,0,0,3.3,36.7
671,A Pinner,DET,RB,9,0,0,0,174,2,11,72,0,0,0,0,0,4.1,36.6
672,J Fletcher,LAC,CB,16,0,0,0,0,0,0,0,0,0,1,0,1,2.3,36.5
673,Igor Olshansky,LAC,DT,16,0,0,0,0,0,0,0,0,1,0,0,0,2.2,36
673,L Toefield,JAX,RB,14,0,0,0,169,0,28,151,1,0,0,0,0,2.6,36
675,Brian Finneran,ATL,WR,12,0,0,0,0,0,23,258,2,0,0,0,0,3,35.8
676,N Wayne,PHI,LB,9,0,0,0,0,0,0,0,0,1,0,2,0,4,35.7
676,D Cooper,JAX,SS,16,0,0,0,0,0,0,0,0,1,1,2,0,2.2,35.7
678,P Pass,NE,RB,14,0,0,0,141,0,28,215,0,0,0,0,0,2.5,35.6
678,W Poole,MIA,CB,15,0,0,0,0,0,0,0,0,1,0,0,0,2.4,35.6
680,K Smith,DET,LB,15,0,0,0,0,0,0,0,0,0,1,1,0,2.4,35.5
680,Greg Jones,JAX,RB,16,0,0,0,162,3,3,13,0,0,0,0,0,2.2,35.5
680,R Torbor,NYG,LB,16,0,0,0,0,0,0,0,0,3,0,2,1,2.2,35.5
680,S Schweigert,LV,SS,16,0,0,0,0,0,0,0,0,0,0,0,0,2.2,35.5
684,James Harrison,PIT,LB,16,0,0,0,0,0,0,0,0,1,0,0,1,2.2,35.3
685,Brad Johnson,TB,QB,4,674,3,3,23,0,0,0,0,0,0,0,0,8.8,35.26
686,Ryan Denney,BUF,DE,16,0,0,0,0,0,0,0,0,3,0,1,0,2.2,35.2
687,Nate Jones,DAL,FS,16,0,0,0,0,0,0,0,0,1,0,0,0,2.2,35
688,R Williams,JAX,WR,16,0,0,0,0,0,27,268,1,0,0,0,0,2.2,34.8
689,T Jackson,LAR,DT,14,0,0,0,0,0,0,0,0,4,0,0,0,2.5,34.6
689,T Vincent,BUF,SS,7,0,0,0,0,0,0,0,0,1,1,0,1,4.9,34.6
691,David Garrard,JAX,QB,4,374,2,1,76,1,0,0,0,0,0,0,0,8.6,34.56
692,P Zellner,ARI,DE,16,0,0,0,0,0,0,0,0,2,0,1,1,2.2,34.4
693,S Johnson,MIN,NT,9,0,0,0,0,0,0,0,0,1,0,0,0,3.8,34.3
694,Q Harris,ARI,SS,16,0,0,0,0,0,0,0,0,1,1,1,1,2.1,34.2
695,E Johnson,DEN,NT,13,0,0,0,0,0,0,0,0,3,1,0,0,2.6,34.1
696,Stephen Cooper,LAC,LB,16,0,0,0,0,0,0,0,0,0,0,0,1,2.1,34
696,Cullen Jenkins,GB,DE,16,0,0,0,0,0,0,0,0,4.5,0,1,1,2.1,34
696,T Streets,DET,WR,13,0,0,0,0,0,28,260,1,0,0,0,0,2.6,34
699,E Berlin,TEN,WR,16,0,0,0,0,0,20,278,1,0,0,0,0,2.1,33.8
700,J Redmond,LV,RB,16,0,0,0,119,0,32,233,0,0,0,0,0,2.1,33.2
701,J Jefferson,IND,SS,9,0,0,0,0,0,0,0,0,0,1,2,0,3.7,33
702,Gerard Warren,CLE,DT,13,0,0,0,0,0,0,0,0,4,0,2,0,2.5,32.7
703,A Wallace,CAR,DT,16,0,0,0,0,0,0,0,0,1,0,2,1,2,32.5
704,T Fleming,TEN,FB,16,0,0,0,40,0,19,164,2,0,0,0,0,2,32.4
705,L Moore,CIN,DT,15,0,0,0,0,0,0,0,0,1,0,1,0,2.1,32.2
705,Desmond Clark,CHI,TE,15,0,0,0,0,0,24,282,1,0,0,0,0,2.1,32.2
705,R Thompson,ARI,LB,11,0,0,0,0,0,0,0,0,1,0,0,0,2.9,32.2
705,Antonio Chatman,GB,WR,16,0,0,0,36,0,22,246,1,0,0,0,0,2,32.2
709,A Peek,HOU,LB,14,0,0,0,0,0,0,0,0,2,1,1,1,2.3,32.1
710,L Sanders,CLE,SS,7,0,0,0,0,0,0,0,0,0,2,0,0,4.6,32
710,T Buckley,NYJ,DB,16,0,0,0,0,0,0,0,0,0,3,1,0,2,32
712,Quincy Carter,NYJ,QB,7,498,3,1,20,0,0,0,0,0,0,0,0,4.6,31.92
713,Justin Griffith,ATL,RB,12,0,0,0,39,0,22,220,1,0,0,0,0,2.7,31.9
713,Jared DeVries,DET,DE,15,0,0,0,0,0,0,0,0,3,0,1,0,2.1,31.9
715,D Burgess,PHI,LB,12,0,0,0,0,0,0,0,0,2.5,0,0,0,2.6,31.8
715,Dominic Rhodes,IND,RB,16,0,0,0,254,1,2,24,0,0,0,0,0,2,31.8
717,Rich Gannon,LV,RB,3,524,3,2,26,0,0,0,0,0,0,0,0,10.5,31.56
718,T Law,NE,DB,7,0,0,0,0,0,0,0,0,0,1,0,0,4.5,31.5
718,C Fauria,NE,TE,16,0,0,0,0,0,16,195,2,0,0,0,0,2,31.5
720,S McGarrahan,TEN,SS,16,0,0,0,0,0,0,0,0,0.5,1,0,0,2,31.4
721,D Groce,LAR,CB,11,0,0,0,0,0,0,0,0,0,0,0,0,2.8,31
721,I Reese,BUF,S,9,0,0,0,0,0,0,0,0,0,1,0,0,3.4,31
721,R Royal,WAS,TE,14,0,0,0,0,0,8,70,4,0,0,0,0,2.2,31
721,Donnie Nickey,TEN,FS,15,0,0,0,0,0,0,0,0,0,0,0,0,2.1,31
721,A Floyd,IND,FS,11,0,0,0,0,0,0,0,0,0,0,0,0,2.8,31
726,Doug Flutie,LAC,QB,2,276,1,0,39,2,0,0,0,0,0,0,0,15.5,30.94
727,Luke McCown,CLE,QB,5,608,4,7,25,0,0,0,0,0,0,0,0,6.2,30.82
728,S Williams,BUF,RB,4,0,0,0,167,2,3,19,0,0,0,0,0,7.6,30.6
728,E Ogbogu,DAL,LB,15,0,0,0,0,0,0,0,0,4.5,0,1,1,2,30.6
730,T Hargrove,LAR,DE,15,0,0,0,0,0,0,0,0,1,0,1,0,2,30.5
731,Calvin Pace,ARI,OLB,14,0,0,0,0,0,0,0,0,4.5,0,2,0,2.2,30.2
732,J Dunn,KC,TE,16,0,0,0,0,0,17,120,3,0,0,0,0,1.9,30
732,B Gardner,CLE,LB,14,0,0,0,0,0,0,0,0,0,1,0,1,2.1,30
732,A Edwards,LAR,SS,6,0,0,0,0,0,0,0,0,0,0,0,0,5,30
732,M McCree,HOU,FS,16,0,0,0,0,0,0,0,0,0,1,0,0,1.9,30
732,I Mili,SEA,TE,15,0,0,0,0,0,23,240,1,0,0,0,0,2,30
737,William Joseph,NYG,DT,15,0,0,0,0,0,0,0,0,2,0,0,0,2,29.7
738,Bradie James,DAL,LB,16,0,0,0,0,0,0,0,0,0,0,0,0,1.8,29.5
738,R Howard,MIA,DB,15,0,0,0,0,0,0,0,0,0,0,1,1,2,29.5
738,A Goodman,DET,LB,11,0,0,0,0,0,0,0,0,0,1,1,0,2.7,29.5
738,E Moore,MIA,LB,13,0,0,0,0,0,0,0,0,0,0,0,2,2.3,29.5
742,N Webster,CIN,LB,3,0,0,0,0,0,0,0,0,1,0,1,1,9.8,29.3
743,Craig Nall,GB,QB,5,314,4,0,7,0,0,0,0,0,0,0,0,5.9,29.26
744,T LaBoy,TEN,DE,13,0,0,0,0,0,0,0,0,3.5,0,0,1,2.2,29.2
745,K VonOelhoffen,PIT,DT,16,0,0,0,0,0,0,0,0,1,0,0,2,1.8,29.1
745,D Polk,HOU,LB,16,0,0,0,0,0,0,0,0,1,0,0,1,1.8,29.1
747,Rex Grossman,CHI,QB,3,607,1,3,48,1,0,0,0,0,0,0,0,9.7,29.08
748,J Chandler,WAS,K,5,0,0,0,0,0,0,0,0,0,0,0,0,5.8,29
749,W Middlebrooks,DEN,S,12,0,0,0,0,0,0,0,0,1,0,0,1,2.4,28.8
750,R Stuvaints,PIT,S,15,0,0,0,0,0,0,0,0,0,0,0,1,1.9,28.5
751,Antwan Odom,TEN,DE,16,0,0,0,0,0,0,0,0,2,0,1,0,1.8,28.4
752,J Scobey,ARI,RB,12,0,0,0,89,0,18,191,0,0,0,0,0,2.3,28
752,Q Caver,KC,LB,16,0,0,0,0,0,0,0,0,0,0,0,0,1.8,28
752,C Bird,IND,SS,13,0,0,0,0,0,0,0,0,0,0,1,0,2.2,28
755,D Wilcox,BAL,WR,16,0,0,0,0,0,25,219,1,0,0,0,0,1.7,27.9
756,C Schlesinger,DET,FB,13,0,0,0,7,0,10,91,3,0,0,0,0,2.1,27.8
756,R Colclough,PIT,CB,16,0,0,0,0,0,0,0,0,1.5,0,2,0,1.7,27.8
758,P Hape,DEN,TE,16,0,0,0,0,0,8,35,4,0,0,0,0,1.7,27.5
758,M Bowen,WAS,SS,5,0,0,0,0,0,0,0,0,2,0,1,0,5.5,27.5
758,W Pile,KC,SS,16,0,0,0,0,0,0,0,0,0,0,0,0,1.7,27.5
761,M Cloud,NYG,RB,10,0,0,0,90,3,1,3,0,0,0,0,0,2.7,27.3
762,J Hanson,SF,FS,13,0,0,0,0,0,0,0,0,1,0,0,0,2.1,27.1
763,V Ciurciu,CAR,LB,16,0,0,0,0,0,0,0,0,0,0,0,0,1.7,27
763,Jarret Johnson,BAL,OLB,16,0,0,0,0,0,0,0,0,0,1,0,1,1.7,27
765,J Tuman,PIT,WR,16,0,0,0,0,0,9,89,3,0,0,0,0,1.7,26.9
766,D Hall,KC,WR,16,0,0,0,56,0,25,230,0,0,0,0,0,1.7,26.6
766,B Gilmore,MIA,WR,16,0,0,0,0,0,15,206,1,0,0,0,0,1.7,26.6
768,Sam Williams,LV,LB,9,0,0,0,0,0,0,0,0,0,0,0,0,2.9,26.5
768,S Cowart,NYJ,LB,9,0,0,0,0,0,0,0,0,0,0,1,0,2.9,26.5
768,M Edwards,TB,CB,15,0,0,0,0,0,0,0,0,0,0,0,1,1.8,26.5
768,T Carter,NYG,WR,5,0,0,0,23,0,12,182,1,0,0,0,0,5.3,26.5
768,K Richard,SEA,CB,16,0,0,0,0,0,0,0,0,0,0,1,0,1.7,26.5
773,M Seidman,CAR,TE,16,0,0,0,0,0,13,123,2,0,0,0,0,1.6,26.3
774,Howard Green,NO,DE,14,0,0,0,0,0,0,0,0,0,0,1,0,1.9,26
775,D Carswell,DEN,TE,15,0,0,0,0,0,22,198,1,0,0,0,0,1.7,25.8
776,R Swinton,DET,WR,13,0,0,0,3,0,18,213,1,0,0,0,0,2,25.6
777,Gary Brackett,IND,LB,15,0,0,0,0,0,0,0,0,0,2,0,0,1.7,25.5
777,T Johnson,LV,LB,16,0,0,0,0,0,0,0,0,0.5,1,0,0,1.6,25.5
777,C Miller,CIN,LB,13,0,0,0,0,0,0,0,0,0,0,0,1,2,25.5
777,A Plummer,SF,CB,6,0,0,0,0,0,0,0,0,0,0,0,0,4.2,25.5
781,A Palepoi,DEN,DE,11,0,0,0,0,0,0,0,0,3,0,0,0,2.3,25.4
782,T White,SEA,LB,10,0,0,0,0,0,0,0,0,1,0,0,0,2.5,25.2
783,T Johnson,LV,TE,8,0,0,0,0,0,9,131,2,0,0,0,0,3.1,25.1
784,Jacques Cesaire,LAC,DE,16,0,0,0,0,0,0,0,0,0.5,0,0,0,1.6,25
784,C Horn,KC,WR,14,0,0,0,12,0,15,178,1,0,0,0,0,1.8,25
786,Ron Dayne,NYG,RB,14,0,0,0,179,1,1,7,0,0,0,0,0,1.8,24.6
786,A Bryant,DAL,WR,5,0,0,0,0,0,16,266,0,0,0,0,0,4.9,24.6
786,K Johnson,DEN,FB,14,0,0,0,0,0,9,126,2,0,0,0,0,1.8,24.6
789,G Jackson,GB,NT,10,0,0,0,0,0,0,0,0,1,0,0,0,2.4,24.5
789,D Scott,MIN,DE,12,0,0,0,0,0,0,0,0,0,0,0,2,2,24.5
791,T Brown,NE,WR,12,0,0,0,0,0,17,184,1,0,3,0,0,2,24.4
792,T Rogers,CLE,DL,14,0,0,0,0,0,0,0,0,1.5,0,0,0,1.7,24.3
793,B Johnson,NE,WR,13,0,0,0,8,0,10,174,1,0,0,0,0,1.9,24.2
793,Chris Hovan,MIN,DT,13,0,0,0,0,0,0,0,0,1.5,0,0,1,1.9,24.2
795,R Baker,BUF,S,14,0,0,0,0,0,0,0,0,0,1,1,0,1.7,24
795,T Brown,TB,WR,15,0,0,0,0,0,24,200,1,0,0,0,0,1.6,24
795,O Kimrin,WAS,K,5,0,0,0,0,0,0,0,0,0,0,0,0,4.8,24
798,B Miller,HOU,TE,16,0,0,0,0,0,17,178,1,0,0,0,0,1.5,23.8
799,D Grant,LV,LB,9,0,0,0,0,0,0,0,0,2,0,0,0,2.6,23.7
799,R Warner,WAS,DE,14,0,0,0,0,0,0,0,0,3.5,1,0,0,1.7,23.7
801,C Anderson,LV,TE,9,0,0,0,0,0,13,175,1,0,0,0,0,2.6,23.5
801,J Mungro,IND,RB,15,0,0,0,19,0,7,36,3,0,0,0,0,1.6,23.5
801,D Sanders,BAL,WR,9,0,0,0,-10,0,0,0,0,0,3,0,0,2.6,23.5
801,S Rasheed,SF,LB,14,0,0,0,0,0,0,0,0,0,0,1,1,1.7,23.5
805,J Fargas,LV,RB,12,0,0,0,126,1,11,68,0,0,0,0,0,2,23.4
805,Brandon Manumaleuna,LAR,TE,16,0,0,0,0,0,15,174,1,0,0,0,0,1.5,23.4
807,H Douglas,PHI,LB,16,0,0,0,0,0,0,0,0,3,0,0,0,1.5,23.3
808,S Bates,SEA,LB,10,0,0,0,0,0,0,0,0,0,0,0,0,2.3,23
808,Frank Walker,NYG,DB,13,0,0,0,0,0,0,0,0,0,2,1,0,1.8,23
808,Ma'ake Kemoeatu,BAL,NT,14,0,0,0,0,0,0,0,0,0,0,0,0,1.6,23
808,J Taylor,TB,K,5,0,0,0,0,0,0,0,0,0,0,0,0,4.6,23
812,Craig Krenzel,CHI,QB,6,718,3,6,41,0,0,0,0,0,0,0,0,3.8,22.82
813,S Meier,TEN,TE,14,0,0,0,0,0,25,127,2,0,0,1,0,1.6,22.7
814,L Walls,DEN,CB,7,0,0,0,0,0,0,0,0,0,0,0,0,3.2,22.5
814,S Hodge,NO,LB,9,0,0,0,0,0,0,0,0,0,0,0,0,2.5,22.5
814,C Burns,NYG,S,8,0,0,0,0,0,0,0,0,0,1,0,0,2.8,22.5
814,P Prioleau,BUF,SS,16,0,0,0,0,0,0,0,0,0,0,0,1,1.4,22.5
818,J Gooch,TB,LB,16,0,0,0,0,0,0,0,0,0.5,0,0,0,1.4,22.3
819,Corey Williams,GB,DT,12,0,0,0,0,0,0,0,0,1,0,1,0,1.8,22.1
819,D Scott,LAC,DT,14,0,0,0,0,0,0,0,0,1.5,0,0,0,1.6,22.1
821,R Woods,SF,WR,14,0,0,0,0,0,7,160,1,0,0,0,0,1.6,22
821,B Gray,CHI,SS,10,0,0,0,0,0,0,0,0,0,1,0,0,2.2,22
823,J McDougle,PHI,DE,11,0,0,0,0,0,0,0,0,2,0,1,0,2,21.9
824,T Euhus,BUF,TE,12,0,0,0,0,0,11,98,2,0,0,0,0,1.8,21.8
825,G Stills,KC,LB,16,0,0,0,0,0,0,0,0,2.5,0,0,2,1.4,21.7
826,B Schroeder,TB,WR,7,0,0,0,0,0,7,156,1,0,0,0,0,3.1,21.6
827,David Tyree,NYG,WR,16,0,0,0,0,0,10,155,1,0,0,0,0,1.3,21.5
827,T Cox,TB,CB,10,0,0,0,0,0,0,0,0,0,1,0,1,2.2,21.5
827,T Poole,NE,DB,5,0,0,0,0,0,0,0,0,0,1,1,0,4.3,21.5
827,Gerald Hayes,ARI,LB,16,0,0,0,0,0,0,0,0,0,0,1,1,1.3,21.5
827,Terdell Sands,LV,DT,15,0,0,0,0,0,0,0,0,0,0,0,0,1.4,21.5
832,R Mahe,PHI,RB,11,0,0,0,91,0,14,123,0,0,0,0,0,1.9,21.4
833,J Carter,NYJ,WR,13,0,0,0,0,0,10,173,1,0,0,0,0,1.6,21.3
834,T Jones,BAL,TE,15,0,0,0,0,0,20,152,1,0,0,0,0,1.4,21.2
835,Chris Hoke,PIT,NT,14,0,0,0,0,0,0,0,0,1,0,0,0,1.5,21.1
836,Scott Shanle,DAL,LB,16,0,0,0,0,0,0,0,0,0,0,0,0,1.3,21
836,M Strong,SEA,WR,16,0,0,0,131,0,21,99,0,0,0,0,0,1.3,21
836,J Craft,NO,DB,14,0,0,0,0,0,0,0,0,0,0,1,0,1.5,21
839,D Wynn,PHI,CB,12,0,0,0,0,0,0,0,0,1,0,0,0,1.7,20.6
840,Rob Meier,JAX,DT,11,0,0,0,0,0,0,0,0,0.5,0,0,0,1.9,20.5
840,T Holt,DET,SS,16,0,0,0,0,0,0,0,0,0,0,1,0,1.3,20.5
842,J Gildon,JAX,DE,9,0,0,0,0,0,0,0,0,3,0,0,0,2.3,20.4
843,J Thrash,WAS,WR,16,0,0,0,0,0,17,203,0,0,0,0,0,1.3,20.3
844,J Riemersma,PIT,TE,11,0,0,0,0,0,7,82,2,0,0,0,0,1.8,20.2
844,Willie Parker,PIT,RB,8,0,0,0,186,0,3,16,0,0,0,0,0,2.5,20.2
844,Patrick Crayton,DAL,WR,8,0,0,1,0,0,12,162,1,0,0,0,0,2.5,20.2
847,C Hankton,JAX,WR,12,0,0,0,0,0,9,81,2,0,0,0,0,1.7,20.1
848,J Bolden,JAX,SS,13,0,0,0,0,0,0,0,0,0,0,0,0,1.5,20
848,J Ena,TEN,LB,16,0,0,0,0,0,0,0,0,0,0,0,0,1.2,20
848,T Jackson,SF,FB,16,0,0,0,101,0,21,139,0,0,0,0,0,1.2,20
851,G Lewis,PHI,WR,16,0,0,0,16,0,17,183,0,0,0,0,0,1.2,19.9
852,R Truluck,GB,DE,14,0,0,0,0,0,0,0,0,2.5,0,0,0,1.4,19.8
853,S Parker,KC,WR,4,0,0,0,0,0,9,137,1,0,0,0,0,4.9,19.7
853,C Wire,BUF,SS,12,0,0,0,0,0,0,0,0,1,0,0,1,1.6,19.7
853,K Washington,NYG,DE,8,0,0,0,0,0,0,0,0,1,0,1,0,2.5,19.7
856,K Traylor,NE,NT,16,0,0,0,0,0,0,0,0,0,0,0,0,1.2,19.5
856,B Sapp,KC,CB,15,0,0,0,0,0,0,0,0,0,1,1,0,1.3,19.5
856,Mike Brown,CHI,SS,2,0,0,0,0,0,0,0,0,0,0,0,1,9.8,19.5
856,R Smith,MIN,LB,7,0,0,0,0,0,0,0,0,0,1,0,0,2.8,19.5
860,T Jacobs,WAS,WR,15,0,0,0,-6,0,16,178,0,0,0,0,0,1.3,19.2
860,R Lee,DAL,RB,14,0,0,0,128,1,1,4,0,0,0,0,0,1.4,19.2
862,T Faulk,LAR,LB,13,0,0,0,0,0,0,0,0,0,0,0,0,1.5,19
862,Paris Lenon,GB,ILB,16,0,0,0,0,0,0,0,0,0,0,0,0,1.2,19
864,C Lee,TB,WR,7,0,0,0,0,0,15,207,0,0,0,0,0,2.7,18.7
865,J Thomas,GB,CB,14,0,0,0,0,0,0,0,0,0,0,1,0,1.3,18.5
866,J Peelle,LAC,WR,16,0,0,0,0,0,10,84,2,0,0,0,0,1.2,18.4
866,Tully Banta-Cain,NE,LB,16,0,0,0,0,0,0,0,0,1.5,1,0,1,1.2,18.4
868,J Quinn,CHI,QB,5,413,1,3,35,0,0,0,0,0,0,0,0,3.6,18.02
869,Andre Carter,SF,DE,7,0,0,0,0,0,0,0,0,2,0,1,0,2.6,18
869,D Jackson,TB,SS,6,0,0,0,0,0,0,0,0,0,0,1,0,3,18
869,L Arrington,WAS,LB,4,0,0,0,0,0,0,0,0,1,0,0,0,4.5,18
872,Maurice Morris,SEA,RB,15,0,0,0,126,0,9,53,0,0,0,0,0,1.2,17.9
873,B Moore,SF,SS,12,0,0,0,0,0,0,0,0,1,0,1,0,1.5,17.8
874,B Mitchell,SEA,DT,15,0,0,0,0,0,0,0,0,1,0,0,0,1.2,17.7
874,J Cooper,LV,SS,15,0,0,0,0,0,0,0,0,1,0,0,0,1.2,17.7
874,J Greer,BUF,CB,12,0,0,0,-6,0,0,0,0,1,0,0,0,1.5,17.7
877,M Jameson,CLE,DB,16,0,0,0,0,0,0,0,0,0,0,1,1,1.1,17.5
877,D Strickland,IND,SS,4,0,0,0,0,0,0,0,0,0,0,0,0,4.4,17.5
877,Jacques Reeves,DAL,CB,15,0,0,0,0,0,0,0,0,0,0,0,1,1.2,17.5
877,B Johnson,CHI,TE,12,0,0,0,0,0,14,55,2,0,0,0,0,1.5,17.5
877,R Beckett,CIN,SS,7,0,0,0,0,0,0,0,0,0,0,0,0,2.5,17.5
877,E Moreland,NE,CB,9,0,0,0,0,0,0,0,0,0,0,0,1,1.9,17.5
883,C Clemons,WAS,LB,6,0,0,0,0,0,0,0,0,3,0,1,0,2.9,17.4
883,Tony Richardson,KC,FB,16,0,0,0,56,0,19,118,0,0,0,0,0,1.1,17.4
885,C Garner,TB,RB,3,0,0,0,111,0,9,62,0,0,0,0,0,5.8,17.3
886,Jason McKie,CHI,RB,15,0,0,0,1,0,13,70,2,0,0,0,0,1.1,17.1
887,S King,ARI,QB,3,502,1,4,30,0,0,0,0,0,0,0,0,5.7,17.08
888,B Allen,CAR,LB,14,0,0,0,0,0,0,0,0,0,1,0,0,1.2,17
888,R Tate,ARI,CB,14,0,0,0,0,0,0,0,0,0,0,1,0,1.2,17
888,B Taylor,SEA,CB,10,0,0,0,0,0,0,0,0,0,0,1,0,1.7,17
888,B Ayanbadejo,MIA,LB,16,0,0,0,0,0,0,0,0,0,1,0,0,1.1,17
888,J Howell,TB,SS,16,0,0,0,0,0,0,0,0,0,0,0,0,1.1,17
893,Alfonso Boone,CHI,DE,12,0,0,0,0,0,0,0,0,2.5,0,0,0,1.4,16.9
894,B Jones,JAX,WR,16,0,0,0,0,0,6,87,1,0,0,0,0,1,16.7
895,L Schulters,TEN,SS,3,0,0,0,0,0,0,0,0,1,0,0,0,5.5,16.6
896,L Woods,ARI,LB,14,0,0,0,0,0,0,0,0,0,0,0,0,1.2,16.5
896,R Calmus,TEN,LB,4,0,0,0,0,0,0,0,0,0,0,0,1,4.1,16.5
896,Brandon Chillar,LAR,LB,16,0,0,0,0,0,0,0,0,0,0,0,0,1,16.5
896,M Tubbs,SEA,DT,11,0,0,0,0,0,0,0,0,1,0,1,0,1.5,16.5
896,Ike Taylor,PIT,CB,13,0,0,0,0,0,0,0,0,0,1,0,0,1.3,16.5
901,K Brady,JAX,TE,11,0,0,0,0,0,14,103,1,0,0,0,0,1.5,16.3
901,D Looker,LAR,WR,14,0,0,0,0,0,13,183,0,0,0,0,0,1.2,16.3
901,K Williams,ARI,WR,15,0,0,0,6,0,18,197,0,0,0,0,0,1.1,16.3
904,R Johnson,DEN,DE,14,0,0,0,0,0,0,0,0,1,0,1,0,1.2,16.2
904,E Conwell,NO,TE,16,0,0,0,0,0,10,102,1,0,0,0,0,1,16.2
906,Garrison Hearst,DEN,RB,7,0,0,0,81,1,2,20,0,0,0,0,0,2.3,16.1
907,W Offord,MIN,SS,16,0,0,0,0,0,0,0,0,0,0,0,0,1,16
907,Seth Williams,NYG,DB,2,0,0,0,0,0,0,0,0,0,0,1,0,8,16
907,A Becht,NYJ,WR,16,0,0,0,0,0,13,100,1,0,0,0,0,1,16
907,M Bryant,MIA,K,3,0,0,0,0,0,0,0,0,0,0,0,0,5.3,16
907,K McCadam,ATL,S,16,0,0,0,0,0,0,0,0,0,0,0,1,1,16
907,Q Mikell,PHI,S,14,0,0,0,0,0,0,0,0,0,1,1,1,1.1,16
907,C Deloatch,NYG,LB,16,0,0,0,0,0,0,0,0,0,0,0,0,1,16
914,Will Heller,TB,TE,10,0,0,0,0,0,12,98,1,0,0,0,0,1.6,15.8
914,A Gbaja-Biamila,LV,LB,14,0,0,0,0,0,0,0,0,1,0,0,0,1.1,15.8
914,Israel Idonije,CHI,DE,15,0,0,0,0,0,0,0,0,1,0,0,0,1.1,15.8
917,J Urban,SEA,WR,7,0,0,0,0,0,6,117,1,0,0,0,0,2.2,15.7
917,T Yoder,JAX,TE,16,0,0,0,0,0,14,157,0,0,0,0,0,1,15.7
919,Justin Gage,CHI,WR,16,0,0,0,0,0,12,156,0,0,0,0,0,1,15.6
920,Vonnie Holliday,KC,DE,9,0,0,0,0,0,0,0,0,0,0,0,0,1.7,15.5
921,D Dinkins,BAL,TE,10,0,0,0,0,0,9,94,1,0,0,0,0,1.5,15.4
922,Dan Kreider,PIT,FB,16,0,0,0,18,0,10,75,1,0,0,0,0,1,15.3
922,T Bryant,NO,DT,16,0,0,0,0,0,0,0,0,2,0,0,0,1,15.3
924,Josh Reed,BUF,WR,12,0,0,0,-1,0,16,153,0,0,0,0,0,1.3,15.2
924,F Jackson,CLE,WR,10,0,0,0,4,0,13,168,0,0,0,0,0,1.5,15.2
926,C Worrell,CHI,S,13,0,0,0,0,0,0,0,0,1,0,2,0,1.2,15
926,D Reid,NE,SS,13,0,0,0,0,0,0,0,0,0,0,1,1,1.2,15
926,J Odom,CHI,LB,16,0,0,0,0,0,0,0,0,0,0,0,0,0.9,15
929,Chris Fuamatu-Maafala,JAX,RB,7,0,0,0,69,1,4,19,0,0,0,0,0,2.1,14.8
929,Arnaz Battle,SF,WR,14,0,0,0,5,0,8,143,0,0,0,0,0,1.1,14.8
929,Sam Aiken,BUF,WR,16,0,0,0,0,0,11,148,0,0,0,0,0,0.9,14.8
932,R Konrad,MIA,TE,10,0,0,0,18,0,8,69,1,0,0,0,0,1.5,14.7
933,Jim Sorgi,IND,QB,4,175,2,0,-5,0,0,0,0,0,0,0,0,3.6,14.5
933,M Brown,NYJ,LB,12,0,0,0,0,0,0,0,0,0,0,1,0,1.2,14.5
933,Rocky Boiman,TEN,LB,7,0,0,0,0,0,0,0,0,0,0,0,0,2.1,14.5
933,B Schobel,TEN,DE,5,0,0,0,0,0,0,0,0,0,0,0,0,2.9,14.5
933,Jimmy Kennedy,LAR,DT,9,0,0,0,0,0,0,0,0,0,0,0,0,1.6,14.5
933,T Dwight,LAC,WR,12,0,0,0,54,0,2,31,1,0,0,0,0,1.2,14.5
939,T Copper,DAL,WR,10,0,0,0,-1,0,7,84,1,0,0,0,0,1.4,14.3
940,G Irons,LV,LB,8,0,0,0,0,0,0,0,0,1,0,0,0,1.8,14.2
941,P Warrick,CIN,WR,4,0,0,0,14,0,11,127,0,0,0,0,0,3.5,14.1
941,R Krause,LAC,TE,2,0,0,0,0,0,5,81,1,0,0,0,0,7,14.1
943,Chris Simms,TB,QB,5,467,1,3,14,0,0,0,0,0,0,0,0,2.8,14.08
944,Leigh Bodden,CLE,DB,8,0,0,0,0,0,0,0,0,0,0,1,0,1.8,14
944,D Davis,NE,LB,16,0,0,0,0,0,0,0,0,0,0,0,0,0.9,14
944,G Sapp,IND,SS,13,0,0,0,0,0,0,0,0,0,0,0,0,1.1,14
944,E Westmoreland,CLE,LB,16,0,0,0,0,0,0,0,0,0,0,1,1,0.9,14
948,L Gordon,MIA,RB,3,0,0,0,64,0,13,74,0,0,0,0,0,4.6,13.8
948,J Taylor,NYG,WR,8,0,0,0,-8,0,6,146,0,0,0,0,0,1.7,13.8
950,J Goodspeed,LAR,RB,16,0,0,0,6,1,11,71,0,0,0,0,0,0.9,13.7
950,L Mays,PIT,WR,16,0,0,0,0,0,9,137,0,0,0,0,1,0.9,13.7
952,Nick Ferguson,DEN,FS,16,0,0,0,0,0,0,0,0,0,0,0,0,0.8,13.5
952,M Wilkins,CIN,LB,16,0,0,0,0,0,0,0,0,0,0,2,2,0.8,13.5
952,T Hendricks,JAX,LB,15,0,0,0,0,0,0,0,0,0,0,0,0,0.9,13.5
955,L Henry,MIA,RB,6,0,0,0,141,0,3,12,0,0,0,0,0,2.2,13.3
955,D Lyman,CHI,TE,16,0,0,0,0,0,11,73,1,0,0,0,0,0.8,13.3
957,K Garrett,LAR,CB,14,0,0,0,0,0,0,0,0,0,0,0,0,0.9,13
957,M Lehan,CLE,DB,10,0,0,0,0,0,0,0,0,0,0,0,0,1.3,13
957,J Reed,PHI,SS,14,0,0,0,0,0,0,0,0,0,0,0,0,0.9,13
957,D Lee,MIA,TE,16,0,0,0,0,0,13,110,1,0,0,0,0,0.8,13
957,D Carter,CLE,DB,11,0,0,0,0,0,0,0,0,0,0,1,1,1.2,13
962,G Wrighster,JAX,WR,4,0,0,0,0,0,10,69,1,0,0,0,0,3.2,12.9
962,D Barnes,DAL,RB,16,0,0,0,10,0,10,59,1,0,0,0,0,0.8,12.9
964,D Kircus,DET,WR,7,0,0,0,0,0,3,68,1,0,0,0,0,1.8,12.8
965,Trent Dilfer,SEA,QB,5,333,1,3,14,0,0,0,0,0,0,0,0,2.5,12.72
966,J Robertson,SF,RB,7,0,0,0,71,1,4,34,0,0,0,0,0,1.8,12.5
966,R Gardner,TEN,DB,15,0,0,0,0,0,0,0,0,0,1,0,0,0.8,12.5
966,M Nattiel,MIN,LB,16,0,0,0,0,0,0,0,0,0,0,0,0,0.8,12.5
969,Stephen Davis,CAR,RB,2,0,0,0,92,0,2,32,0,0,0,0,0,6.2,12.4
969,Kris Jenkins,CAR,NT,4,0,0,0,0,0,0,0,0,1,0,0,0,3.1,12.4
971,J Robinson,DAL,TE,16,0,0,0,0,0,2,2,2,0,0,0,0,0.8,12.2
971,R Holcombe,TEN,RB,16,0,0,0,62,0,11,60,0,0,0,0,0,0.8,12.2
973,Michael Jenkins,ATL,WR,16,0,0,0,2,0,7,119,0,0,0,0,0,0.8,12.1
974,R Walls,BAL,DB,16,0,0,0,0,0,0,0,0,0,0,0,0,0.8,12
974,W Bacon,IND,S,11,0,0,0,0,0,0,0,0,0,1,0,0,1.1,12
974,M Ware,PHI,CB,12,0,0,0,0,0,0,0,0,0,0,0,1,1,12
974,T Johnson,NYJ,LB,16,0,0,0,0,0,0,0,0,0,0,0,0,0.8,12
974,Clinton Hart,LAC,SS,14,0,0,0,0,0,0,0,0,0,1,0,0,0.9,12
974,Kyle Vanden Bosch,ARI,DE,16,0,0,0,0,0,0,0,0,0,0,0,0,0.8,12
974,P Hunter,DAL,DB,3,0,0,0,0,0,0,0,0,1,1,0,0,4,12
974,D Curry,DET,LB,12,0,0,0,0,0,0,0,0,0,0,1,1,1,12
982,J Finn,NYG,TE,16,0,0,0,7,0,15,112,0,0,0,0,0,0.7,11.9
983,Tank Johnson,CHI,DT,16,0,0,0,0,0,0,0,0,0.5,0,0,0,0.7,11.8
983,Matt Schaub,ATL,QB,6,330,1,4,26,0,0,0,0,0,0,0,0,2,11.8
985,Mike Adams,SF,FS,8,0,0,0,0,0,0,0,0,0,1,0,1,1.4,11.5
985,W Allen,TB,S,16,0,0,0,0,0,0,0,0,0,1,1,0,0.7,11.5
985,J Thomas,TEN,DE,10,0,0,0,0,0,0,0,0,0,0,1,1,1.2,11.5
985,C Fuller,BAL,CB,14,0,0,0,0,0,0,0,0,0,0,0,0,0.8,11.5
985,Casey Hampton,PIT,NT,6,0,0,0,0,0,0,0,0,0,0,0,0,1.9,11.5
985,A Walker,SF,TE,16,0,0,0,0,0,10,115,0,0,0,0,0,0.7,11.5
991,K Coleman,DAL,DE,12,0,0,0,0,0,0,0,0,1,0,0,0,1,11.4
991,J Siavii,KC,DT,12,0,0,0,0,0,0,0,0,1,0,0,0,1,11.4
991,D Shelton,BUF,FB,16,0,0,0,0,0,17,114,0,0,0,0,0,0.7,11.4
994,Travis Kirschke,PIT,DE,16,0,0,0,0,0,0,0,0,1,0,0,0,0.7,11.2
995,A Williams,SF,DE,7,0,0,0,0,0,0,0,0,0,0,0,0,1.6,11
995,Josh Stamer,BUF,LB,16,0,0,0,0,0,0,0,0,0,1,0,0,0.7,11
995,R Hannam,SEA,TE,16,0,0,0,0,0,8,110,0,0,0,0,0,0.7,11
998,M Floyd,LAC,WR,4,0,0,0,0,0,3,49,1,0,0,0,0,2.7,10.9
999,Tony Stewart,CIN,TE,16,0,0,0,0,0,10,48,1,0,0,1,0,0.7,10.8
999,A Dingle,LAC,DT,10,0,0,0,0,0,0,0,0,1,1,0,0,1.1,10.8
1001,A Harris,LAR,RB,14,0,0,0,63,0,4,44,0,0,0,0,0,0.8,10.7
1001,M Lewis,NO,WR,14,0,0,0,0,0,8,127,0,0,0,0,0,0.8,10.7
1003,Tommy Maddox,PIT,QB,4,329,1,2,15,0,0,0,0,0,0,0,0,2.7,10.66
1004,E Patterson,JAX,DE,6,0,0,0,0,0,0,0,0,1,0,0,1,1.8,10.6
1005,K Thomas,JAX,FS,16,0,0,0,0,0,0,0,0,0,0,0,0,0.7,10.5
1005,T Roberts,CIN,CB,11,0,0,0,0,0,0,0,0,0,0,0,0,1,10.5
1005,C Anderson,HOU,LB,15,0,0,0,0,0,0,0,0,0,0,0,1,0.7,10.5
1005,T Franz,WAS,SS,16,0,0,0,0,0,0,0,0,0,1,0,1,0.7,10.5
1005,E Jackson,CAR,CB,10,0,0,0,0,0,0,0,0,0,0,0,0,1,10.5
1005,M Bartrum,PHI,TE,16,0,0,0,0,0,5,45,1,0,0,0,0,0.7,10.5
1011,Jameel Cook,TB,RB,12,0,0,0,0,0,7,44,1,0,0,0,0,0.9,10.4
1012,Casey Fitzsimmons,DET,TE,16,0,0,0,0,0,10,103,0,0,0,0,0,0.6,10.3
1013,P Grasmanis,PHI,DT,4,0,0,0,0,0,0,0,0,0,0,0,0,2.5,10
1013,A Adams,SF,NT,14,0,0,0,0,0,0,0,0,0,0,1,0,0.7,10
1013,M Reese,CHI,LB,11,0,0,0,0,0,0,0,0,0,0,1,0,0.9,10
1013,M Labinjo,PHI,LB,3,0,0,0,0,0,0,0,0,0,0,0,0,3.3,10
1013,K Peterson,GB,DT,9,0,0,0,0,0,0,0,0,0,0,0,0,1.1,10
1013,D Ross,MIN,CB,9,0,0,0,0,0,0,0,0,0,0,0,0,1.1,10
1013,M Wilhelm,LAC,LB,7,0,0,0,0,0,0,0,0,0,1,0,0,1.4,10
1013,J Lee,GB,NT,9,0,0,0,0,0,0,0,0,1,0,0,0,1.1,10
1013,E Wyms,TB,DT,6,0,0,0,0,0,0,0,0,0,0,0,0,1.7,10
1022,L Neal,LAC,FB,16,0,0,0,53,0,13,66,0,0,0,0,0,0.6,9.9
1023,J Johnson,CIN,FB,16,0,0,0,5,0,16,53,1,0,0,0,0,0.6,9.8
1023,R Kolodziej,ARI,NT,13,0,0,0,0,0,0,0,0,1,0,0,0,0.8,9.8
1025,Phillip Daniels,WAS,DE,5,0,0,0,0,0,0,0,0,1,0,0,1,1.9,9.6
1025,M Rivers,NYG,WR,16,0,0,0,0,0,5,36,1,0,0,0,0,0.6,9.6
1027,S Smith,CIN,DT,8,0,0,0,0,0,0,0,0,0,0,0,0,1.2,9.5
1027,B Whiting,SF,DE,5,0,0,0,0,0,0,0,0,0,0,0,0,1.9,9.5
1027,O Leverette,SF,DE,5,0,0,0,0,0,0,0,0,1,0,0,0,1.9,9.5
1030,J Weaver,NE,TE,10,0,0,0,0,0,8,93,0,0,0,0,0,0.9,9.3
1030,T Hollings,HOU,RB,7,0,0,0,47,0,5,46,0,0,0,0,0,1.3,9.3
1030,T Williams,DAL,CB,3,0,0,0,0,0,0,0,0,1,0,0,0,3.1,9.3
1033,Michael Turner,LAC,RB,14,0,0,0,104,0,4,8,0,0,0,0,0,0.7,9.2
1034,B Gramatica,MIA,K,1,0,0,0,0,0,0,0,0,0,0,0,0,9,9
1034,R Myles,CIN,S,16,0,0,0,0,0,0,0,0,0,0,2,1,0.6,9
1034,K Thornton,DAL,LB,16,0,0,0,0,0,0,0,0,0,0,1,0,0.6,9
1034,M Mitchell,NO,S,15,0,0,0,0,0,0,0,0,0,0,0,0,0.6,9
1034,K Wright,HOU,CB,16,0,0,0,0,0,0,0,0,1,0,0,0,0.6,9
1039,D Martin,GB,WR,9,0,0,0,0,0,5,88,0,0,0,1,0,1,8.8
1040,Chris Chandler,LAR,QB,5,463,2,8,2,0,0,0,0,0,0,0,0,1.7,8.72
1041,B Noble,WAS,NT,16,0,0,0,0,0,0,0,0,1,0,0,0,0.5,8.7
1042,Sage Rosenfels,MIA,QB,3,264,1,3,0,0,0,0,0,0,0,0,0,2.9,8.56
1043,Reggie Kelly,CIN,TE,16,0,0,0,0,0,15,85,0,0,0,0,0,0.5,8.5
1043,V Shiancoe,NYG,WR,16,0,0,0,0,0,5,25,1,0,0,0,0,0.5,8.5
1043,D Terrell,LV,S,16,0,0,0,0,0,0,0,0,0,0,0,0,0.5,8.5
1043,R Alexander,DEN,DB,16,0,0,0,0,0,0,0,0,0,0,0,1,0.5,8.5
1043,A Lott,WAS,FS,4,0,0,0,0,0,0,0,0,0,0,0,0,2.1,8.5
1043,C Sears,HOU,DE,15,0,0,0,0,0,0,0,0,0,0,0,0,0.6,8.5
1043,M Manuel,SEA,SS,15,0,0,0,0,0,0,0,0,0,0,0,0,0.6,8.5
1043,K Lewis,SF,S,16,0,0,0,0,0,0,0,0,0,0,1,1,0.5,8.5
1043,Bart Scott,BAL,LB,13,0,0,0,0,0,0,0,0,0,0,0,0,0.7,8.5
1052,J Jackson,CLE,RB,4,0,0,0,81,0,6,22,0,0,0,0,0,2.1,8.3
1052,J Maxwell,NYG,LB,14,0,0,0,0,0,0,0,0,1,0,0,0,0.6,8.3
1052,S Pritchett,ATL,FB,14,0,0,0,18,0,2,5,1,0,0,0,0,0.6,8.3
1055,R Abdullah,NE,RB,9,0,0,0,13,1,1,9,0,0,0,0,0,0.9,8.2
1056,L Barnes,JAX,DE,3,0,0,0,0,0,0,0,0,1,0,0,0,2.7,8.1
1057,J Stone,LV,WR,4,0,0,0,0,0,3,80,0,0,0,0,0,2,8
1057,J Burns,BUF,RB,16,0,0,0,73,0,1,7,0,0,0,0,0,0.5,8
1057,O Celestin,NYJ,S,8,0,0,0,0,0,0,0,0,0,0,1,0,1,8
1060,M Smith,BAL,RB,9,0,0,0,48,0,2,31,0,0,0,0,0,0.9,7.9
1061,S Berton,MIN,TE,14,0,0,0,0,0,9,78,0,0,0,0,0,0.6,7.8
1062,B Bennett,CAR,RB,8,0,0,0,17,1,0,0,0,0,0,0,0,1,7.7
1062,C Kriewaldt,PIT,LB,15,0,0,0,0,0,0,0,0,0.5,0,1,0,0.5,7.7
1064,J Martin,LAR,QB,1,188,0,0,0,0,0,0,0,0,0,0,0,7.5,7.52
1065,R Nece,TB,LB,16,0,0,0,0,0,0,0,0,0,1,0,1,0.5,7.5
1065,J Parry,PHI,FB,13,0,0,0,0,0,9,75,0,0,0,0,0,0.6,7.5
1065,K Clancy,PIT,NT,8,0,0,0,0,0,0,0,0,0,0,0,0,0.9,7.5
1065,A Ricard,BAL,RB,16,0,0,0,36,0,11,39,0,0,0,0,0,0.5,7.5
1069,D Ransom,JAX,DT,10,0,0,0,0,0,0,0,0,0.5,0,0,0,0.7,7.4
1070,N Jackson,DEN,WR,12,0,0,0,0,0,8,73,0,0,0,0,0,0.6,7.3
1070,E Graham,TB,RB,9,0,0,0,73,0,0,0,0,0,0,0,0,0.8,7.3
1072,L Croom,ARI,RB,6,0,0,0,76,0,2,16,0,0,0,0,0,1.2,7.2
1072,P Chukwurah,DEN,LB,14,0,0,0,0,0,0,0,0,1,0,0,0,0.5,7.2
1074,N Poole,ARI,WR,9,0,0,0,0,0,5,70,0,0,0,0,0,0.8,7
1074,R Reed,SF,DB,7,0,0,0,0,0,0,0,0,0,0,1,0,1,7
1074,R Knight,NO,LB,15,0,0,0,0,0,0,0,0,0,0,0,0,0.5,7
1074,Z Moreno,LAC,LB,9,0,0,0,0,0,0,0,0,0,0,0,0,0.8,7
1074,T Beckham,TEN,CB,5,0,0,0,0,0,0,0,0,0,0,0,0,1.4,7
1074,J Bradley,TB,DT,6,0,0,0,0,0,0,0,0,1,0,0,0,1.2,7
1074,K Bell,PIT,LB,3,0,0,0,0,0,0,0,0,0,0,0,0,2.3,7
1074,S Bush,SF,TE,5,0,0,0,0,0,2,10,1,0,0,0,0,1.4,7
1074,Wes Horton,GB,DE,14,0,0,0,0,0,0,0,0,0,0,1,0,0.5,7
1074,J Duncan,ATL,LB,4,0,0,0,0,0,0,0,0,0,0,0,0,1.8,7
1074,T Pierce,DEN,LB,15,0,0,0,0,0,0,0,0,0,0,1,0,0.5,7
1085,E McCoo,PHI,RB,1,0,0,0,54,0,2,15,0,0,0,0,0,6.9,6.9
1085,R Owens,MIN,TE,7,0,0,0,0,0,8,69,0,0,0,0,0,1,6.9
1087,E Flowers,LAR,DE,9,0,0,0,0,0,0,0,0,1,0,0,0,0.8,6.8
1088,Kevin Walter,CIN,WR,16,0,0,0,0,0,8,67,0,0,0,0,0,0.4,6.7
1089,Jamel White,BAL,RB,6,0,0,0,62,0,2,4,0,0,0,0,0,1.1,6.6
1090,Colin Cole,GB,DT,3,0,0,0,0,0,0,0,0,0,0,0,0,2.2,6.5
1090,K Lassiter,LAR,SS,4,0,0,0,0,0,0,0,0,0,0,0,0,1.6,6.5
1090,R Brown,MIN,CB,12,0,0,0,0,0,0,0,0,0,0,0,0,0.5,6.5
1093,L Hall,NO,TE,16,0,0,0,0,0,1,4,1,0,0,0,0,0.4,6.4
1093,J Glymph,ATL,DE,3,0,0,0,0,0,0,0,0,1,0,0,0,2.1,6.4
1095,R Neufeld,BUF,WR,16,0,0,0,0,0,6,61,0,0,0,0,0,0.4,6.1
1096,Jerricho Cotchery,NYJ,WR,12,0,0,0,0,0,6,60,0,0,0,0,0,0.5,6
1096,K Davis,DAL,SS,15,0,0,0,0,0,0,0,0,0,0,2,0,0.4,6
1096,R Bryant,NYJ,CB,13,0,0,0,0,0,0,0,0,0,0,1,0,0.5,6
1096,A Gordon,CLE,DL,6,0,0,0,0,0,0,0,0,0,0,0,0,1,6
1096,J Glenn,NYJ,LB,10,0,0,0,0,0,0,0,0,0,0,0,1,0.6,6
1096,Steve Smith,CAR,WR,1,0,0,0,0,0,6,60,0,0,0,0,0,6,6
1096,G Gardner,IND,LB,11,0,0,0,0,0,0,0,0,0,0,0,0,0.5,6
1096,A Jimoh,WAS,DB,15,0,0,0,0,0,0,0,0,0,0,0,0,0.4,6
1096,D Harper,NO,S,5,0,0,0,0,0,0,0,0,0,0,0,1,1.2,6
1105,F Beasley,SF,WR,14,0,0,0,15,0,10,44,0,0,0,0,0,0.4,5.9
1105,B Shaw,BUF,WR,4,0,0,0,0,0,5,59,0,0,0,0,0,1.5,5.9
1107,T Tapeh,PHI,FB,7,0,0,0,42,0,2,15,0,0,0,0,0,0.8,5.7
1108,Jeff Blake,PHI,QB,3,126,1,1,6,0,0,0,0,0,0,0,0,1.9,5.64
1109,T Slaughter,BAL,LB,14,0,0,0,0,0,0,0,0,0,0,1,0,0.4,5.5
1109,C Brown,BAL,LB,13,0,0,0,0,0,0,0,0,0,0,0,0,0.4,5.5
1109,C Cleeland,LAR,WR,16,0,0,0,-2,0,7,57,0,0,0,0,0,0.3,5.5
1109,B Williams,LV,CB,2,0,0,0,0,0,0,0,0,0,0,0,0,2.8,5.5
1113,Scott Matthews,BUF,QB,3,44,1,0,-3,0,0,0,0,0,0,0,0,1.8,5.46
1114,F McAfee,NO,RB,11,0,0,0,54,0,0,0,0,0,0,0,0,0.5,5.4
1115,B Forsey,MIA,RB,7,0,0,0,53,0,0,0,0,0,0,0,0,0.8,5.3
1115,J Harris,CAR,RB,4,0,0,0,53,0,0,0,0,0,0,0,0,1.3,5.3
1117,M Bruener,HOU,TE,16,0,0,0,0,0,4,52,0,0,0,0,0,0.3,5.2
1117,A Pinnock,LAC,RB,1,0,0,0,26,0,3,26,0,0,0,0,0,5.2,5.2
1117,W Rasby,WAS,TE,6,0,0,0,0,0,5,52,0,0,0,0,0,0.9,5.2
1120,E Edwards,ARI,WR,16,0,0,0,0,0,5,51,0,0,0,0,0,0.3,5.1
1120,S Vines,DET,WR,6,0,0,0,0,0,3,51,0,0,0,0,0,0.8,5.1
1122,M Logan,PIT,SS,3,0,0,0,0,0,0,0,0,0,0,1,0,1.7,5
1122,F Jones,KC,LB,16,0,0,0,0,0,0,0,0,0,0,1,0,0.3,5
1122,C Pinkney,ATL,DT,3,0,0,0,0,0,0,0,0,0,0,0,0,1.7,5
1122,G Wilds,WAS,CB,2,0,0,0,0,0,0,0,0,0,0,0,0,2.5,5
1122,K Wright,NYJ,LB,16,0,0,0,0,0,0,0,0,0,0,0,1,0.3,5
1122,S Josue,GB,LB,4,0,0,0,0,0,0,0,0,0,0,0,0,1.2,5
1122,J Wyrick,MIA,CB,14,0,0,0,0,0,0,0,0,0,0,0,0,0.4,5
1122,M Bryant,IND,K,1,0,0,0,0,0,0,0,0,0,0,0,0,5,5
1122,A Elling,MIN,K,8,0,0,0,0,0,0,0,0,0,0,0,0,0.6,5
1122,W Rainer,DET,LB,16,0,0,0,0,0,0,0,0,0,0,0,0,0.3,5
1122,Kellen Winslow,CLE,TE,2,0,0,0,0,0,5,50,0,0,0,0,0,2.5,5
1122,B Taylor,CLE,LB,3,0,0,0,0,0,0,0,0,0,0,0,0,1.7,5
1122,D Strait,NYJ,SS,5,0,0,0,0,0,0,0,0,0,0,0,0,1,5
1135,Adrian Peterson,CHI,RB,14,0,0,0,19,0,2,30,0,0,0,2,0,0.4,4.9
1135,J Green,PHI,DE,8,0,0,0,0,0,0,0,0,1,0,0,0,0.6,4.9
1135,A King,CLE,WR,9,0,0,0,0,0,5,49,0,0,0,0,0,0.5,4.9
1135,Mike Karney,NO,FB,16,0,0,0,7,0,6,42,0,0,0,0,0,0.3,4.9
1139,Philip Rivers,LAC,QB,2,33,1,0,-5,0,0,0,0,0,0,0,0,2.4,4.82
1140,T Smith,CLE,FB,16,0,0,0,9,0,7,39,0,0,0,0,0,0.3,4.8
1140,R Dudley,TB,TE,3,0,0,0,0,0,3,48,0,0,0,0,0,1.6,4.8
1142,C Ahanotu,MIA,DE,5,0,0,0,0,0,0,0,0,1,0,0,0,0.9,4.6
1143,M Rumph,SF,FS,2,0,0,0,0,0,0,0,0,0,0,0,0,2.2,4.5
1143,M Haggan,BUF,LB,16,0,0,0,0,0,0,0,0,0,0,1,0,0.3,4.5
1143,H Milligan,LAC,S,14,0,0,0,0,0,0,0,0,0,0,0,0,0.3,4.5
1143,M Unck,CLE,LB,11,0,0,0,0,0,0,0,0,0,0,0,0,0.4,4.5
1143,Brett Keisel,PIT,DE,13,0,0,0,0,0,0,0,0,0,0,0,0,0.3,4.5
1143,D Anderson,LAR,CB,12,0,0,0,0,0,0,0,0,0,0,0,0,0.4,4.5
1143,Ryan Boschetti,WAS,DT,3,0,0,0,0,0,0,0,0,0,0,0,0,1.5,4.5
1143,B Howard,LAR,DT,15,0,0,0,0,0,0,0,0,0,0,0,0,0.3,4.5
1143,D Ball,LAC,DE,6,0,0,0,0,0,0,0,0,0,0,0,0,0.8,4.5
1143,P Spicer,JAX,DE,2,0,0,0,0,0,0,0,0,0,0,0,0,2.2,4.5
1153,N Luchey,GB,FB,16,0,0,0,24,0,2,20,0,0,0,0,0,0.3,4.4
1154,W Williams,GB,RB,1,0,0,0,42,0,0,0,0,0,0,0,0,4.2,4.2
1154,O Jordan,CAR,DT,4,0,0,0,0,0,0,0,0,1,0,0,0,1,4.2
1154,C Wiley,NYG,DE,3,0,0,0,0,0,0,0,0,0.5,0,0,0,1.4,4.2
1154,B Steele,GB,TE,15,0,0,0,0,0,4,42,0,0,0,0,0,0.3,4.2
1158,M Edwards,JAX,WR,13,0,0,0,0,0,7,41,0,0,0,0,0,0.3,4.1
1158,B Sams,BAL,WR,16,0,0,0,19,1,1,2,0,0,0,0,0,0.3,4.1
1160,E Brown,HOU,SS,13,0,0,0,0,0,0,0,0,0,0,0,0,0.3,4
1160,D McClover,NYJ,LB,16,0,0,0,0,0,0,0,0,0,0,1,0,0.2,4
1160,D Wesley,CAR,S,13,0,0,0,0,0,0,0,0,0,0,0,0,0.3,4
1160,Tyrone Carter,PIT,DB,9,0,0,0,0,0,0,0,0,0,0,0,0,0.4,4
1160,M Monds,MIA,DT,5,0,0,0,0,0,0,0,0,0,0,0,0,0.8,4
1160,A Harper,NYJ,DT,11,0,0,0,0,0,0,0,0,0,0,0,0,0.4,4
1160,Yeremiah Bell,MIA,FS,13,0,0,0,0,0,0,0,0,0,0,0,0,0.3,4
1167,D Henson,DAL,QB,7,78,1,1,7,0,0,0,0,0,0,0,0,0.5,3.82
1168,S Trejo,DET,FB,11,0,0,0,0,0,4,37,0,0,0,0,0,0.3,3.7
1168,J White,TB,RB,7,0,0,0,20,0,4,17,0,0,0,0,0,0.5,3.7
1170,I Smart,TB,RB,4,0,0,0,26,0,2,10,0,0,0,0,0,0.9,3.6
1170,J Ritchie,PHI,FB,3,0,0,0,0,0,4,36,0,0,0,0,0,1.2,3.6
1170,C Russell,CIN,WR,13,0,0,0,15,0,1,21,0,0,0,0,0,0.3,3.6
1173,J Shaw,MIA,DT,5,0,0,0,0,0,0,0,0,0,0,0,0,0.7,3.5
1173,R Reynolds,TEN,LB,14,0,0,0,0,0,0,0,0,0,0,0,0,0.2,3.5
1173,BJ Askew,NYJ,FB,16,0,0,0,23,0,2,12,0,0,0,0,1,0.2,3.5
1173,L Smith,GB,DT,3,0,0,0,0,0,0,0,0,0,0,0,0,1.2,3.5
1173,T Tillman,CAR,S,6,0,0,0,0,0,0,0,0,0,0,0,0,0.6,3.5
1173,D Blakley,ATL,WR,15,0,0,0,0,0,4,35,0,0,0,0,0,0.2,3.5
1173,R Butler,LAC,CB,5,0,0,0,0,0,0,0,0,0,0,0,0,0.7,3.5
1173,N Rogers,IND,LB,1,0,0,0,0,0,0,0,0,0,0,0,0,3.5,3.5
1173,L Stevens,CIN,LB,9,0,0,0,0,0,0,0,0,0,0,0,0,0.4,3.5
1182,M Gaines,CAR,TE,15,0,0,0,0,0,4,34,0,0,0,0,0,0.2,3.4
1182,C Perry,CIN,RB,2,0,0,0,1,0,3,33,0,0,0,0,0,1.7,3.4
1184,B Hartsock,IND,WR,16,0,0,0,0,0,4,33,0,0,0,0,0,0.2,3.3
1185,C Sapp,DEN,RB,5,0,0,0,32,0,0,0,0,0,0,0,0,0.6,3.2
1185,T Kelly,LV,DT,1,0,0,0,0,0,0,0,0,1,0,0,0,3.2,3.2
1185,J Smith,BUF,WR,9,0,0,0,11,0,3,21,0,0,0,0,0,0.4,3.2
1185,T Luke,DEN,WR,10,0,0,0,0,0,6,52,0,0,0,0,0,0.3,3.2
1185,Heath Evans,SEA,FB,15,0,0,0,20,0,2,12,0,0,0,0,0,0.2,3.2
1190,C Cobbs,NE,RB,3,0,0,0,50,0,0,0,0,0,0,0,0,1,3
1190,L Bromell,NYG,DE,2,0,0,0,0,0,0,0,0,0,0,0,0,1.5,3
1190,S Brandon,DEN,SS,9,0,0,0,0,0,0,0,0,0,0,1,0,0.3,3
1190,A Echemandu,CLE,RB,4,0,0,0,25,0,3,25,0,0,0,0,0,0.8,3
1190,T Bua,MIA,LB,7,0,0,0,0,0,0,0,0,0,0,1,0,0.4,3
1190,K Vaughn,ATL,DE,3,0,0,0,0,0,0,0,0,0,0,0,0,1,3
1190,C Iwuoma,PIT,CB,14,0,0,0,0,0,0,0,0,0,0,1,0,0.2,3
1190,N Sorensen,JAX,S,16,0,0,0,0,0,0,0,0,0,0,1,0,0.2,3
1190,J Pippens,LAC,CB,7,0,0,0,0,0,0,0,0,0,0,0,1,0.4,3
1190,K O'Neil,DAL,LB,16,0,0,0,0,0,0,0,0,0,0,0,1,0.2,3
1190,J Kramer,TEN,LB,4,0,0,0,0,0,0,0,0,0,0,0,1,0.8,3
1190,R Fowler,DAL,LB,2,0,0,0,0,0,0,0,0,0,0,1,0,1.5,3
1190,T McMillon,CHI,DB,14,0,0,0,0,0,0,0,0,0,0,0,0,0.2,3
1190,K Burns,TB,LB,16,0,0,0,0,0,0,0,0,0,0,1,0,0.2,3
1190,D Gregory,TB,DT,6,0,0,0,0,0,0,0,0,0,0,0,0,0.5,3
1190,T Marshall,GB,LB,9,0,0,0,0,0,0,0,0,0,0,0,0,0.3,3
1206,B Kozlowski,WAS,TE,11,0,0,0,0,0,3,29,0,0,0,0,0,0.3,2.9
1207,Mike McMahon,DET,QB,1,77,0,1,18,0,0,0,0,0,0,0,0,2.9,2.88
1208,J Navarre,ARI,QB,1,168,1,4,0,0,0,0,0,0,0,0,0,2.7,2.72
1209,R Williams,DAL,WR,2,0,0,0,13,0,1,14,0,0,0,0,0,1.4,2.7
1210,Brooks Bollinger,NYJ,QB,1,60,0,0,2,0,0,0,0,0,0,0,0,2.6,2.6
1211,D Johnson,TEN,QB,2,68,0,0,-2,0,0,0,0,0,0,0,0,1.3,2.52
1212,R Bauman,CIN,CB,4,0,0,0,0,0,0,0,0,0,0,0,0,0.6,2.5
1212,B Green,JAX,DE,3,0,0,0,0,0,0,0,0,0,0,0,0,0.8,2.5
1212,A Jackson,PIT,LB,7,0,0,0,0,0,0,0,0,0,0,0,0,0.4,2.5
1212,Jordan Babineaux,SEA,SS,6,0,0,0,0,0,0,0,0,0,0,0,0,0.4,2.5
1212,K Hankton,CAR,WR,15,0,0,0,0,0,2,25,0,0,0,0,0,0.2,2.5
1212,C Wiley,MIN,DE,5,0,0,0,0,0,0,0,0,0,0,0,0,0.5,2.5
1212,Craig Terrill,SEA,DT,4,0,0,0,0,0,0,0,0,0,0,0,0,0.6,2.5
1212,R Trafford,BUF,TE,4,0,0,0,0,0,3,25,0,0,0,0,0,0.6,2.5
1220,Jimmy Kleinsasser,MIN,TE,1,0,0,0,0,0,2,24,0,0,0,0,0,2.4,2.4
1220,B McMullen,PHI,WR,8,0,0,0,0,0,3,24,0,0,0,0,0,0.3,2.4
1222,D Pederson,GB,QB,4,120,0,2,15,0,0,0,0,0,0,0,0,0.6,2.3
1222,T Gardner,NO,WR,11,0,0,0,0,0,1,23,0,0,0,0,0,0.2,2.3
1222,F McCrary,ATL,FB,3,0,0,0,0,0,2,23,0,0,0,0,0,0.8,2.3
1225,Todd Collins,KC,QB,2,42,0,0,4,0,0,0,0,0,0,0,0,1,2.08
1226,R Davey,NE,QB,4,54,0,0,-1,0,0,0,0,0,0,0,0,0.5,2.06
1227,N Hand,NYG,NT,11,0,0,0,0,0,0,0,0,1,0,0,0,0.2,2
1227,R Nelson,MIN,CB,4,0,0,0,0,0,0,0,0,0,0,0,0,0.5,2
1227,C Smith,TB,DE,4,0,0,0,0,0,0,0,0,0,0,0,0,0.5,2
1227,A Franklin,BAL,NT,6,0,0,0,0,0,0,0,0,0,0,0,0,0.3,2
1227,C Morton,ATL,CB,2,0,0,0,0,0,0,0,0,0,0,0,0,1,2
1227,W Mallard,NYG,LB,4,0,0,0,0,0,0,0,0,0,0,0,0,0.5,2
1227,Wes Welker,MIA,WR,15,0,0,0,0,0,0,0,0,0,0,0,0,0.1,2
1227,K Campbell,WAS,LB,9,0,0,0,0,0,0,0,0,0,0,0,0,0.2,2
1227,J Morant,LV,WR,4,0,0,0,0,0,1,20,0,0,0,0,0,0.5,2
1227,C Brown,CLE,DE,2,0,0,0,0,0,0,0,0,0,0,0,0,1,2
1237,L Diamond,ARI,TE,5,0,0,0,0,0,3,19,0,0,0,0,0,0.4,1.9
1238,J McAddley,TEN,WR,11,0,0,0,0,0,2,38,0,0,0,0,0,0.2,1.8
1238,G Layne,ATL,FB,4,0,0,0,12,0,1,6,0,0,0,0,0,0.4,1.8
1240,V King,MIA,RB,2,0,0,0,9,0,1,8,0,0,0,0,0,0.8,1.7
1240,D Moore,TB,TE,15,0,0,0,0,0,3,17,0,0,0,0,0,0.1,1.7
1240,K Carter,NO,RB,2,0,0,0,17,0,0,0,0,0,0,0,0,0.8,1.7
1240,M Cushing,PIT,TE,16,0,0,0,0,0,1,17,0,0,0,0,0,0.1,1.7
1244,Benjamin Watson,NE,TE,1,0,0,0,0,0,2,16,0,0,0,0,0,1.6,1.6
1244,D Ward,DAL,WR,8,0,0,0,11,0,1,5,0,0,0,0,0,0.2,1.6
1244,D Campbell,DAL,TE,3,0,0,0,0,0,2,16,0,0,0,0,0,0.5,1.6
1247,Koy Detmer,PHI,QB,16,207,0,2,-7,0,0,0,0,0,0,0,0,0.1,1.58
1248,J Cherry,NE,SS,12,0,0,0,0,0,0,0,0,0,0,0,0,0.1,1.5
1248,J Lucas,LAR,SS,7,0,0,0,0,0,0,0,0,0,0,0,0,0.2,1.5
1248,N Lawrie,TB,TE,2,0,0,0,0,0,1,15,0,0,0,0,0,0.8,1.5
1248,J Martin,MIA,FB,9,0,0,0,0,0,4,15,0,0,0,0,0,0.2,1.5
1248,Justin Bannan,BUF,DT,10,0,0,0,0,0,0,0,0,0,0,0,0,0.2,1.5
1248,K Carter,SEA,RB,16,0,0,0,15,0,0,0,0,0,0,0,0,0.1,1.5
1248,Trevor Pryce,DEN,DE,2,0,0,0,0,0,0,0,0,0,0,0,0,0.8,1.5
1248,O Stoutmire,NYG,SS,1,0,0,0,0,0,0,0,0,0,0,0,0,1.5,1.5
1248,A Crowell,BUF,LB,16,0,0,0,0,0,0,0,0,0,0,0,0,0.1,1.5
1248,K Rasmussen,CAR,DE,12,0,0,0,0,0,0,0,0,0,0,0,0,0.1,1.5
1248,S Pierson,CHI,DL,6,0,0,0,0,0,0,0,0,0,0,0,0,0.2,1.5
1248,M Stone,ARI,S,14,0,0,0,0,0,0,0,0,0,0,0,0,0.1,1.5
1248,N Eason,CLE,DL,1,0,0,0,0,0,0,0,0,0,0,0,0,1.5,1.5
1248,M Yates,MIN,LB,1,0,0,0,0,0,0,0,0,0,0,0,0,1.5,1.5
1262,Mike Sellers,WAS,TE,16,0,0,0,0,0,1,14,0,0,0,0,0,0.1,1.4
1263,Moran Norris,HOU,RB,12,0,0,0,0,0,4,13,0,0,0,0,0,0.1,1.3
1263,T Calico,TEN,WR,1,0,0,0,0,0,2,13,0,0,0,0,0,1.3,1.3
1265,A Thurman,GB,WR,2,0,0,0,0,0,2,12,0,0,0,0,0,0.6,1.2
1265,C Hetherington,LV,TE,5,0,0,0,4,0,3,28,0,0,0,0,0,0.2,1.2
1265,B Pyatt,IND,WR,8,0,0,0,0,0,2,12,0,0,0,0,0,0.2,1.2
1265,G Comella,TB,TE,7,0,0,0,0,0,1,12,0,0,0,0,0,0.2,1.2
1269,J Gilmore,CHI,WR,16,0,0,0,0,0,1,11,0,0,0,0,0,0.1,1.1
1270,C Jenkins,MIA,LB,3,0,0,0,0,0,0,0,0,0,0,0,0,0.3,1
1270,R Jones,MIN,RB,5,0,0,0,0,0,0,0,0,0,0,0,0,0.2,1
1270,B Barnes,WAS,LB,12,0,0,0,0,0,0,0,0,0,0,0,0,0.1,1
1270,D Claybrooks,DAL,DT,8,0,0,0,0,0,0,0,0,0,0,0,0,0.1,1
1270,S Shabazz,ATL,S,15,0,0,0,0,0,0,0,0,0,0,0,0,0.1,1
1270,T McBride,LAR,S,2,0,0,0,0,0,0,0,0,0,0,0,0,0.5,1
1270,D Pagel,NYJ,FS,5,0,0,0,0,0,0,0,0,0,0,0,0,0.2,1
1270,R Davis,MIN,LB,14,0,0,0,0,0,0,0,0,0,0,0,0,0.1,1
1270,J Sandy,TEN,S,1,0,0,0,0,0,0,0,0,0,0,0,0,1,1
1270,P Dennis,WAS,S,11,0,0,0,0,0,0,0,0,0,0,0,0,0.1,1
1270,S Gleason,NO,SS,15,0,0,0,0,0,0,0,0,0,0,0,0,0.1,1
1270,E Kelley,NE,DT,1,0,0,0,0,0,0,0,0,0,0,0,0,1,1
1270,M Askew,CIN,DT,5,0,0,0,0,0,0,0,0,0,0,0,0,0.2,1
1270,Dwan Edwards,BAL,NT,4,0,0,0,0,0,0,0,0,0,0,0,0,0.2,1
1270,R Green,BAL,LB,9,0,0,0,0,0,0,0,0,0,0,0,0,0.1,1
1270,E Downing,LAC,DT,3,0,0,0,0,0,0,0,0,0,0,0,0,0.3,1
1270,J Whitley,GB,S,6,0,0,0,0,0,0,0,0,0,0,0,0,0.2,1
1270,A Bannister,SEA,WR,7,0,0,0,0,0,2,10,0,0,0,0,0,0.1,1
1270,Larry Izzo,NE,LB,16,0,0,0,0,0,0,0,0,0,0,0,0,0.1,1
1270,A Battles,PIT,S,1,0,0,0,0,0,0,0,0,0,0,0,0,1,1
1270,J Wright,ATL,RB,2,0,0,0,10,0,0,0,0,0,0,0,0,0.5,1
1270,R Flemons,MIA,DE,1,0,0,0,0,0,0,0,0,0,0,0,0,1,1
1270,J Cain,CHI,LB,5,0,0,0,0,0,0,0,0,0,0,0,0,0.2,1
1270,R Leisle,NO,DT,2,0,0,0,0,0,0,0,0,0,0,0,0,0.5,1
1270,J Ioane,HOU,NT,3,0,0,0,0,0,0,0,0,0,0,0,0,0.3,1
1270,D Montgomery,NO,S,5,0,0,0,0,0,0,0,0,0,0,0,0,0.2,1
1270,L Sanders,CLE,DB,9,0,0,0,0,0,0,0,0,0,0,0,0,0.1,1
1270,T Martin,CIN,DT,2,0,0,0,0,0,0,0,0,0,0,0,0,0.5,1
1270,M Cooper,TB,LB,14,0,0,0,0,0,0,0,0,0,0,0,0,0.1,1
1270,J Atkins,SF,DT,3,0,0,0,0,0,0,0,0,0,0,0,0,0.3,1
1300,E Drummond,DET,WR,11,0,0,0,9,0,0,0,0,0,0,0,1,0.1,0.9
1300,L Ned,MIN,RB,16,0,0,0,0,0,1,9,0,0,0,0,0,0.1,0.9
1300,R Smart,CAR,RB,3,0,0,0,4,0,1,5,0,0,0,0,0,0.3,0.9
1300,K Ware,SF,TE,5,0,0,0,0,0,1,9,0,0,0,0,0,0.2,0.9
1300,C Mustard,CLE,TE,7,0,0,0,0,0,1,9,0,0,0,0,0,0.1,0.9
1305,S Morey,PIT,WR,16,0,0,0,0,0,1,8,0,0,0,0,0,0,0.8
1305,M Furrey,LAR,WR,8,0,0,0,0,0,1,8,0,0,0,0,0,0.1,0.8
1305,R Bellamy,MIA,WR,2,0,0,0,0,0,1,8,0,0,0,0,0,0.4,0.8
1308,B Baber,TB,TE,1,0,0,0,0,0,1,7,0,0,0,0,0,0.7,0.7
1308,A Moorehead,IND,WR,7,0,0,0,0,0,1,7,0,0,0,0,0,0.1,0.7
1310,Tony Banks,HOU,QB,5,16,0,0,0,0,0,0,0,0,0,0,0,0.1,0.64
1311,T Walters,IND,WR,5,0,0,0,0,0,1,5,0,0,0,0,0,0.1,0.5
1311,A Marshall,CHI,CB,7,0,0,0,0,0,0,0,0,0,0,0,0,0.1,0.5
1311,R Babers,DET,CB,2,0,0,0,0,0,0,0,0,0,0,0,0,0.2,0.5
1311,Troy Evans,HOU,LB,13,0,0,0,0,0,0,0,0,0,0,0,0,0,0.5
1311,Devard Darling,BAL,WR,3,0,0,0,0,0,2,5,0,0,0,0,0,0.2,0.5
1311,A Maddox,JAX,DT,2,0,0,0,0,0,0,0,0,0,0,0,0,0.2,0.5
1311,R Newhouse,ARI,WR,3,0,0,0,0,0,1,5,0,0,0,0,0,0.2,0.5
1311,A Kashama,CHI,DE,3,0,0,0,0,0,0,0,0,0,0,0,0,0.2,0.5
1311,J Savage,TB,DE,6,0,0,0,0,0,0,0,0,0,0,0,0,0.1,0.5
1311,R Seigler,SF,LB,7,0,0,0,0,0,0,0,0,0,0,0,0,0.1,0.5
1321,D Easlick,MIA,FB,3,0,0,0,0,0,1,4,0,0,0,0,0,0.1,0.4
1321,L Polite,DAL,FB,1,0,0,0,0,0,1,4,0,0,0,0,0,0.4,0.4
1321,J Baxter,HOU,FB,8,0,0,0,1,0,1,3,0,0,0,0,0,0,0.4
1321,J Lewis,JAX,WR,9,0,0,0,0,0,1,4,0,0,0,0,0,0,0.4
1325,K Howry,MIN,WR,3,0,0,0,0,0,1,3,0,0,0,0,0,0.1,0.3
1326,D Anderson,ARI,RB,4,0,0,0,2,0,0,0,0,0,0,0,0,0,0.2
1326,D Brown,PIT,RB,1,0,0,0,2,0,0,0,0,0,0,0,0,0.2,0.2
1328,J Isom,SF,FB,5,0,0,0,0,0,1,1,0,0,0,0,0,0,0.1
1328,O Easy,KC,FB,15,0,0,0,1,0,0,0,0,0,0,0,0,0,0.1
1328,K Heinrich,CLE,TE,7,0,0,0,0,0,1,1,0,0,0,0,0,0,0.1
1328,B Shaw,LAC,WR,7,0,0,0,1,0,0,0,0,0,0,0,0,0,0.1
1332,Rodney Peete,CAR,QB,1,3,0,0,-1,0,0,0,0,0,0,0,0,0,0.02
1333,V Leach,GB,FB,6,0,0,0,0,0,0,0,0,0,0,0,0,0,0
1333,R Upshaw,NYG,DE,3,0,0,0,0,0,0,0,0,0,0,0,0,0,0
1333,M Hill,NE,DE,1,0,0,0,0,0,0,0,0,0,0,0,0,0,0
1333,J Jackson,GB,RB,1,0,0,0,0,0,0,0,0,0,0,0,0,0,0
1333,S Coates,CLE,LB,5,0,0,0,0,0,0,0,0,0,0,0,0,0,0
1333,M Ross,LAC,WR,7,0,0,0,0,0,0,0,0,0,0,0,0,0,0
1333,E Beverly,ATL,TE,13,0,0,0,0,0,0,0,0,0,0,0,0,0,0
1333,M Solwold,BAL,LS,1,0,0,0,0,0,0,0,0,0,0,0,0,0,0
1333,G Scott,CIN,DT,1,0,0,0,0,0,0,0,0,0,0,0,0,0,0
1333,I Keys,ARI,LB,3,0,0,0,0,0,0,0,0,0,0,0,0,0,0
1333,J Brewer,NYG,S,13,0,0,0,0,0,0,0,0,0,0,0,0,0,0
1333,B Strother,MIA,LB,1,0,0,0,0,0,0,0,0,0,0,0,0,0,0
1333,D Stewart,NYJ,DT,1,0,0,0,0,0,0,0,0,0,0,0,0,0,0
1333,Brian Jennings,SF,LS,16,0,0,0,0,0,0,0,0,0,0,0,0,0,0
1333,E Albright,WAS,LS,16,0,0,0,0,0,0,0,0,0,0,0,0,0,0
1333,N Rogers,GB,LB,10,0,0,0,0,0,0,0,0,0,0,0,0,0,0
1333,D Richardson,JAX,DB,2,0,0,0,0,0,0,0,0,0,0,0,0,0,0
1333,C Polk,LAC,LB,1,0,0,0,0,0,0,0,0,0,0,0,0,0,0
1333,C Morton,WAS,RB,6,0,0,0,0,0,0,0,0,0,0,0,0,0,0
1333,D Rackley,ATL,TE,16,0,0,0,0,0,0,0,0,0,0,0,0,0,0
1333,J Lynch,CIN,FB,1,0,0,0,0,0,0,0,0,0,0,0,0,0,0
1333,Corey Ivy,TB,DB,16,0,0,0,0,0,0,0,0,0,0,0,0,0,0
1333,James Dearth,NYJ,LS,16,0,0,0,0,0,0,0,0,0,0,0,0,0,0
1333,K Riley,ATL,DE,1,0,0,0,0,0,0,0,0,0,0,0,0,0,0
1333,Q Williams,MIA,S,6,0,0,0,0,0,0,0,0,0,0,0,0,0,0
1333,Tony Romo,DAL,QB,6,0,0,0,0,0,0,0,0,0,0,0,0,0,0
1333,T Wallace,SEA,WR,2,0,0,0,0,0,0,0,0,0,0,0,0,0,0
1333,K Wilson,KC,TE,3,0,0,0,0,0,0,0,0,0,0,0,0,0,0
1333,P Fleck,SF,WR,1,0,0,0,0,0,0,0,0,0,0,0,0,0,0
1333,E Baker,CAR,WR,3,0,0,0,0,0,0,0,0,0,0,0,0,0,0
1333,D Lemons,WAS,LB,1,0,0,0,0,0,0,0,0,0,0,0,0,0,0
1333,A Mayes,ARI,SS,4,0,0,0,0,0,0,0,0,0,0,0,0,0,0
1333,K Kight,GB,WR,1,0,0,0,0,0,0,0,0,0,0,0,0,0,0
1333,J Farris,ATL,WR,14,0,0,0,0,0,0,0,0,0,0,0,0,0,0
1333,M Tuitele,LV,LB,1,0,0,0,0,0,0,0,0,0,0,0,0,0,0
1333,T Lopienski,IND,RB,2,0,0,0,0,0,0,0,0,0,0,0,0,0,0
1333,N Hodel,ARI,TE,16,0,0,0,0,0,0,0,0,0,0,0,0,0,0
1333,R Smith,KC,WR,4,0,0,0,0,0,0,0,0,0,0,0,0,0,0
1333,J Kurpeikis,NE,LB,5,0,0,0,0,0,0,0,0,0,0,0,0,0,0
1333,S Adams,BUF,NT,16,0,0,0,0,0,0,0,0,5,1,1,0,0,0
1333,Gus Frerotte,MIN,QB,16,0,0,0,0,0,0,0,0,0,0,0,0,0,0
1333,D Jones,CHI,WR,2,0,0,0,0,0,0,0,0,0,0,0,0,0,0
1333,K Gammon,KC,TE,16,0,0,0,0,0,0,0,0,0,0,0,0,0,0
1333,J Nix,ARI,DT,1,0,0,0,0,0,0,0,0,0,0,0,0,0,0
1333,C Cramer,CAR,RB,6,0,0,0,0,0,0,0,0,0,0,0,0,0,0
1333,Ovie Mughelli,BAL,FB,3,0,0,0,0,0,0,0,0,0,0,0,0,0,0
1333,Bryan Pittman,HOU,LS,16,0,0,0,0,0,0,0,0,0,0,0,0,0,0
1333,T Hollowell,NYG,LB,4,0,0,0,0,0,0,0,0,0,0,0,0,0,0
1333,R Brown,WAS,CB,1,0,0,0,0,0,0,0,0,0,0,0,0,0,0
1333,L Joe,CHI,LB,1,0,0,0,0,0,0,0,0,0,0,0,0,0,0
1333,W Rasby,PIT,TE,4,0,0,0,0,0,0,0,0,0,0,0,0,0,0
1333,Devery Henderson,NO,WR,1,0,0,0,0,0,0,0,0,0,0,0,0,0,0
1333,W Richey,BAL,K,12,0,0,0,0,0,0,0,0,0,0,0,0,0,0
1333,K Pope,IND,LB,2,0,0,0,0,0,0,0,0,0,0,0,0,0,0
1333,R Williams,LV,WR,12,0,0,0,0,0,0,0,0,0,0,0,0,0,0
1333,J Sykes,DEN,LB,3,0,0,0,0,0,0,0,0,0,0,0,0,0,0
1333,K Starling,HOU,WR,8,0,0,0,0,0,0,0,0,0,0,0,0,0,0
1333,C Spencer,TEN,LB,7,0,0,0,0,0,0,0,0,0,0,0,0,0,0
1333,Jeremy Williams,LAC,WR,15,0,0,0,0,0,0,0,0,4,0,0,0,0,0
1333,C Fuller,GB,SS,1,0,0,0,0,0,0,0,0,0,0,0,0,0,0
1333,H Morrow,BAL,RB,15,0,0,0,0,0,0,0,0,0,0,0,0,0,0
1333,W Hampton,CAR,FS,4,0,0,0,0,0,0,0,0,0,0,0,0,0,0
1333,J Darche,SEA,LS,16,0,0,0,0,0,0,0,0,0,0,0,0,0,0
1333,B Nelson,MIN,WR,3,0,0,0,0,0,0,0,0,0,0,0,0,0,0
1333,D Brown,CLE,RB,5,0,0,0,0,0,0,0,0,0,0,0,0,0,0
1333,R Washington,NYJ,SS,6,0,0,0,0,0,0,0,0,0,0,0,0,0,0
1333,R Scanlon,KC,LB,6,0,0,0,0,0,0,0,0,0,0,0,0,0,0
1333,D Muhlbach,DET,LS,8,0,0,0,0,0,0,0,0,0,0,0,0,0,0
1333,Joe Zelenka,JAX,LS,16,0,0,0,0,0,0,0,0,0,0,0,0,0,0
1333,Patrick Mannelly,CHI,LS,16,0,0,0,0,0,0,0,0,0,0,0,0,0,0
1333,L Hamilton,ARI,WR,1,0,0,0,0,0,0,0,0,0,0,0,0,0,0
1333,K Fox,KC,LB,12,0,0,0,0,0,0,0,0,0,0,0,0,0,0
1333,J Cooper,SF,DE,1,0,0,0,0,0,0,0,0,0,0,0,0,0,0
1333,J Littleton,DET,LS,8,0,0,0,0,0,0,0,0,0,0,0,0,0,0
1333,A Palepoi,SEA,DE,1,0,0,0,0,0,0,0,0,0,0,0,0,0,0
1333,C Fuller,CAR,S,6,0,0,0,0,0,0,0,0,0,0,0,0,0,0
1333,B Saipaia,LAR,TE,8,0,0,0,0,0,0,0,0,0,0,0,0,0,0
1333,B Pierce,DAL,TE,8,0,0,0,0,0,0,0,0,0,0,0,0,0,0
1333,M Brown,WAS,LB,2,0,0,0,0,0,0,0,0,0,0,0,0,0,0
1333,C Jenkins,CHI,LB,4,0,0,0,0,0,0,0,0,0,0,0,0,0,0
1333,B Strother,WAS,LB,2,0,0,0,0,0,0,0,0,0,0,0,0,0,0
1333,Bo Smith,NYJ,DB,4,0,0,0,0,0,0,0,0,0,0,0,0,0,0
1333,E Johnson,ATL,LB,16,0,0,0,0,0,0,0,0,0,0,0,0,0,0
1333,N Murphy,KC,K,2,0,0,0,0,0,0,0,0,0,0,0,0,0,0
1333,J Robertson,CAR,RB,5,0,0,0,0,0,0,0,0,0,0,0,0,0,0
1333,R Perryman,JAX,S,4,0,0,0,0,0,0,0,0,0,0,0,0,0,0
1333,M Jones,NYG,WR,14,0,0,0,0,0,0,0,0,0,0,0,0,0,0
1333,C Adams,DEN,WR,4,0,0,0,0,0,0,0,0,0,0,0,0,0,0
1333,M Stanley,SF,FB,1,0,0,0,0,0,0,0,0,0,0,0,0,0,0
1333,Jeff Dugan,MIN,TE,14,0,0,0,0,0,0,0,0,0,0,0,0,0,0
1333,Ken Amato,TEN,LS,16,0,0,0,0,0,0,0,0,0,0,0,0,0,0
1333,R Pollard,LAC,DE,1,0,0,0,0,0,0,0,0,0,0,0,0,0,0
1333,C Randall,SEA,LB,4,0,0,0,0,0,0,0,0,0,0,0,0,0,0
1333,C Curry,ARI,CB,1,0,0,0,0,0,0,0,0,0,0,0,0,0,0
1333,David Binn,LAC,LS,16,0,0,0,0,0,0,0,0,0,0,0,0,0,0
1333,L Green,DEN,LB,6,0,0,0,0,0,0,0,0,0,0,0,0,0,0
1333,J Cortez,MIN,K,8,0,0,0,0,0,0,0,0,0,0,0,0,0,0
1333,S McHugh,GB,TE,1,0,0,0,0,0,0,0,0,0,0,0,0,0,0
1333,T Melton,ATL,LB,1,0,0,0,0,0,0,0,0,0,0,0,0,0,0
1333,M Schneck,PIT,LS,16,0,0,0,0,0,0,0,0,0,0,0,0,0,0
1333,C Young,DEN,S,10,0,0,0,0,0,0,0,0,0,0,0,0,0,0
1333,S Mayer,NE,S,3,0,0,0,0,0,0,0,0,0,0,0,0,0,0
1333,D McGrorty,LAR,RB,1,0,0,0,0,0,0,0,0,0,0,0,0,0,0
1333,E Patterson,CIN,DE,2,0,0,0,0,0,0,0,0,0,0,0,0,0,0
1333,C Doering,PIT,WR,3,0,0,0,0,0,0,0,0,0,0,0,0,0,0
1333,C Cooper,DAL,DT,2,0,0,0,0,0,0,0,0,0,0,0,0,0,0
1333,J Maese,BAL,LS,15,0,0,0,0,0,0,0,0,0,0,0,0,0,0
1333,K Nash,LV,DB,2,0,0,0,0,0,0,0,0,0,0,0,0,0,0
1333,S Trejo,LAR,RB,2,0,0,0,0,0,0,0,0,0,0,0,0,0,0
1333,S Wand,HOU,TE,16,0,0,0,0,0,0,0,0,0,0,0,0,0,0
1333,F Freeman,MIA,S,1,0,0,0,0,0,0,0,0,0,0,0,0,0,0
1333,D Diedrick,WAS,RB,1,0,0,0,0,0,0,0,0,0,0,0,0,0,0
1333,J Mathews,TEN,TE,15,0,0,0,0,0,0,0,0,0,0,0,0,0,0
1333,G Crecion,SF,TE,1,0,0,0,0,0,0,0,0,0,0,0,0,0,0
1333,J Lord,HOU,FS,1,0,0,0,0,0,0,0,0,0,0,0,0,0,0
1333,J Rogers,DAL,K,2,0,0,0,0,0,0,0,0,0,0,0,0,0,0
1333,Jackie Battle,KC,FB,12,0,0,0,0,0,0,0,0,0,0,0,0,0,0
1333,D Smith,NO,LB,3,0,0,0,0,0,0,0,0,0,0,0,0,0,0
1333,Q Monk,HOU,LB,2,0,0,0,0,0,0,0,0,0,0,0,0,0,0
1333,J Bell,HOU,SS,9,0,0,0,0,0,0,0,0,0,0,0,0,0,0
1333,D Stevenson,WAS,LB,1,0,0,0,0,0,0,0,0,0,0,0,0,0,0
1333,A Ulmer,ATL,LB,16,0,0,0,0,0,0,0,0,0,0,0,0,0,0
1333,J Dorenbos,BUF,LS,13,0,0,0,0,0,0,0,0,0,0,0,0,0,0
1333,R Orr,NYG,DE,2,0,0,0,0,0,0,0,0,0,0,0,0,0,0
1333,V Fox,DET,SS,14,0,0,0,0,0,0,0,0,0,0,0,0,0,0
1333,R Davis,GB,LS,16,0,0,0,0,0,0,0,0,0,0,0,0,0,0
1333,T Ashworth,NE,TE,6,0,0,0,0,0,0,0,0,0,0,0,0,0,0
1333,C Pinkney,CAR,DT,2,0,0,0,0,0,0,0,0,0,0,0,0,0,0
1333,Alfonso Smith,ARI,RB,2,0,0,0,0,0,0,0,0,0,0,0,0,0,0
1333,C Jackson,CLE,DL,1,0,0,0,0,0,0,0,0,0,0,0,0,0,0
1333,J Peters,BUF,TE,2,0,0,0,0,0,0,0,0,0,0,0,0,0,0
1333,E Alexander,NE,LB,3,0,0,0,0,0,0,0,0,0,0,0,0,0,0
1333,Justin Snow,IND,LS,16,0,0,0,0,0,0,0,0,0,0,1,0,0,0
1333,T Anderson,BUF,DT,3,0,0,0,0,0,0,0,0,0,0,0,0,0,0
1333,C Rogers,DET,WR,1,0,0,0,0,0,0,0,0,0,0,0,0,0,0
1333,D Duckett,CAR,DT,2,0,0,0,0,0,0,0,0,0,0,0,0,0,0
1333,J Schifino,TEN,WR,1,0,0,0,0,0,0,0,0,0,0,0,0,0,0
1333,C Davis,IND,RB,1,0,0,0,0,0,0,0,0,0,0,0,0,0,0
1333,D Haddad,BUF,WR,1,0,0,0,0,0,0,0,0,0,0,0,0,0,0
1333,S Tufts,CAR,LB,3,0,0,0,0,0,0,0,0,0,0,0,0,0,0
1333,Cullen Loeffler,MIN,LS,16,0,0,0,0,0,0,0,0,0,0,0,0,0,0
1333,M Murphy,HOU,TE,11,0,0,0,0,0,0,0,0,0,0,0,0,0,0
1333,K Barry,GB,TE,13,0,0,0,0,0,0,0,0,0,0,0,0,0,0
1333,R Williams,MIA,LB,2,0,0,0,0,0,0,0,0,0,0,0,0,0,0
1333,M Leach,DEN,TE,16,0,0,0,0,0,0,0,0,0,0,0,0,0,0
1333,J Shivers,CHI,DB,1,0,0,0,0,0,0,0,0,0,0,0,0,0,0
1333,P Sam,NE,WR,2,0,0,0,0,0,0,0,0,0,0,0,0,0,0
1333,D Wahlroos,LAR,LB,6,0,0,0,0,0,0,0,0,0,0,0,0,0,0
1333,S Orr,HOU,LB,4,0,0,0,0,0,0,0,0,0,0,0,0,0,0
1333,T Melton,NO,LB,2,0,0,0,0,0,0,0,0,0,0,0,0,0,0
1333,K Kasper,NE,WR,8,0,0,0,0,0,0,0,0,0,0,0,0,0,0
1333,D Johnson,SF,DT,1,0,0,0,0,0,0,0,0,0,0,0,0,0,0
1333,D Sanders,ATL,TE,2,0,0,0,0,0,0,0,0,0,0,0,0,0,0
1333,R Kuehl,NYG,LS,16,0,0,0,0,0,0,0,0,0,0,0,0,0,0
1333,E Perry,MIA,TE,16,0,0,0,0,0,0,0,0,0,0,0,0,0,0
1333,K Houser,NO,LS,16,0,0,0,0,0,0,0,0,0,0,0,0,0,0
1333,Rock Cartwright,WAS,RB,13,0,0,0,0,0,0,0,0,0,0,0,0,0,0
1333,S Ryan,DAL,WR,6,0,0,0,0,0,0,0,0,0,0,0,0,0,0
1333,L Walker,LV,TE,16,0,0,0,0,0,0,0,0,0,0,0,0,0,0
1333,T Gilbert,JAX,LB,16,0,0,0,0,0,0,0,0,0,0,0,0,0,0
1333,K Whiteside,IND,LB,7,0,0,0,0,0,0,0,0,0,0,0,0,0,0
1333,D Hill,TEN,WR,14,0,0,0,0,0,0,0,0,0,0,0,1,0,0
1333,J Short,PHI,LB,11,0,0,0,0,0,0,0,0,0,0,0,0,0,0
1333,D Hamilton,SF,WR,2,0,0,0,0,0,0,0,0,0,0,0,0,0,0
1333,S Connot,KC,S,2,0,0,0,0,0,0,0,0,0,0,0,0,0,0
1333,J McClain,JAX,LB,1,0,0,0,0,0,0,0,0,0,0,0,0,0,0
1333,B St.Louis,CIN,TE,16,0,0,0,0,0,0,0,0,0,0,0,0,0,0
1333,F Murphy,TB,WR,3,0,0,0,0,0,0,0,0,0,0,0,0,0,0
1333,B Thornton,DAL,CB,1,0,0,0,0,0,0,0,0,0,0,0,0,0,0
1333,C Kern,DET,DB,2,0,0,0,0,0,0,0,0,0,0,0,0,0,0
1333,J Doering,WAS,S,6,0,0,0,0,0,0,0,0,0,0,0,0,0,0
1333,O Lowe,NE,S,3,0,0,0,0,0,0,0,0,0,0,0,0,0,0
1333,A Cason,LAR,RB,3,0,0,0,0,0,0,0,0,0,0,0,0,0,0
1333,M Ross,CAR,WR,10,0,0,0,0,0,0,0,0,0,0,0,0,0,0
1333,T Newson,LAR,LB,3,0,0,0,0,0,0,0,0,0,0,0,0,0,0
1333,B Banta,BUF,TE,3,0,0,0,0,0,0,0,0,0,0,0,0,0,0
1333,E Pruitt,ATL,S,3,0,0,0,0,0,0,0,0,0,0,0,0,0,0
1333,J Pippens,CHI,S,2,0,0,0,0,0,0,0,0,0,0,0,0,0,0
1333,L Joe,ARI,LB,4,0,0,0,0,0,0,0,0,0,0,0,0,0,0
1333,R Wells,SF,LB,6,0,0,0,0,0,0,0,0,0,0,0,0,0,0
1333,Lonie Paxton,NE,LS,16,0,0,0,0,0,0,0,0,0,0,0,1,0,0
1333,J Kyle,CAR,LB,16,0,0,0,0,0,0,0,0,0,0,0,0,0,0
1333,Todd Bouman,NO,QB,16,0,0,0,0,0,0,0,0,0,0,0,0,0,0
1333,M Kranchick,PIT,TE,2,0,0,0,0,0,0,0,0,0,0,0,0,0,0
1333,J Shoate,DEN,CB,7,0,0,0,0,0,0,0,0,0,0,0,0,0,0
1333,J Willis,SEA,WR,1,0,0,0,0,0,0,0,0,0,0,0,0,0,0
1333,M Chatham,NE,LB,5,0,0,0,0,0,0,0,0,0,0,0,0,0,0
1333,J Owens,CHI,TE,2,0,0,0,0,0,0,0,0,0,0,0,0,0,0
1521,Kordell Stewart,BAL,QB,2,0,0,0,-1,0,0,0,0,0,0,0,0,0,-0.1
1522,JT OSullivan,GB,QB,1,0,0,0,-2,0,0,0,0,0,0,0,0,-0.2,-0.2
1522,D Klecko,NE,NT,6,0,0,0,0,0,3,18,0,0,0,0,0,0,-0.2
1524,Brian St Pierre,PIT,QB,1,0,0,0,-3,0,0,0,0,0,0,0,0,-0.3,-0.3
1525,D Allen,JAX,RB,5,0,0,0,0,0,2,8,0,0,0,0,0,-0.2,-1.2
1526,JP Losman,BUF,QB,4,32,0,1,15,0,0,0,0,0,0,0,0,-0.3,-1.22
1527,C Pickett,SF,QB,2,55,0,2,5,0,0,0,0,0,0,0,0,-0.6,-1.3
1528,C Francis,LV,WR,5,0,0,0,0,0,0,0,0,0,0,0,0,-0.4,-2
1528,L Brightful,MIA,DB,2,0,0,0,0,0,0,0,0,0,0,0,0,-1,-2
1528,R Alston,CLE,WR,9,0,0,0,0,0,0,0,0,0,0,0,0,-0.2,-2
1528,J Moses,HOU,WR,15,0,0,0,0,0,0,0,0,0,0,0,0,-0.1,-2
1528,A Brown,WAS,WR,3,0,0,0,0,0,0,0,0,0,0,0,0,-0.7,-2
1528,D Ward,NYG,RB,5,0,0,0,0,0,0,0,0,0,0,0,0,-0.4,-2
1534,W Ponder,NYG,WR,11,0,0,0,-4,0,1,3,0,0,0,0,0,-0.2,-2.1
1535,J Broussard,CAR,WR,8,0,0,0,0,0,0,0,0,0,0,0,0,-0.5,-4
